nameseq,average,median,maximum,minimum,peak,none_levated_peak,sample_standard_deviation,population_standard_deviation,percentile15,percentile25,percentile50,percentile75,amplitude,variance,interquartile_range,semi_interquartile_range,coefficient_of_variation,skewness,kurtosis,label
Oa1707,113.25,73.25744164241985,451.7615712068849,0.42891689742081857,0.22663723325974983,2.7300597038816226,107.99421280790929,108.70237916826892,14.614291220513163,28.92838569454624,73.25744164241985,146.40979380022208,451.3326543094641,11816.207236842105,117.48140810567584,58.74070405283792,0.9535912830720468,1.1109639299482306,0.2251707057461882,real
Oa1735a,107.24999999999997,83.55781724179617,400.662184499751,0.7632162667628628,0.23931623931623938,2.726617658645404,95.44501034627214,96.07088597269698,26.925000528512836,34.738187691484335,83.55781724179617,143.10568522357363,399.8989682329881,9229.615131578947,108.36749753208929,54.183748766044644,0.8899301663988081,0.7446858459834352,0.20803918339649632,real
Oa1785,73.25,51.298558356725756,309.0450909680199,4.170131590093789,0.2411831626848692,2.308115342231793,71.80703308172535,72.49419738052248,14.289375196611234,15.844443042647574,51.298558356725756,94.50607322810674,304.87495937792613,5255.408653846153,78.66163018545917,39.33081509272959,0.9803007929245782,0.9171013214662733,0.22326441188217316,real
Oa1817,85.74999999999997,54.61866181971426,407.81634177364873,2.6347434157864122,0.24489795918367355,2.6114172677201055,92.03192380907832,92.77114792378485,8.476276243586042,19.719746724237254,54.61866181971426,131.50584185361015,405.1815983578623,8606.485887096771,111.7860951293729,55.89304756468645,1.0732585866947912,1.014800198402942,0.26759845284789213,real
Oa1821,100.50000000000001,95.09885216019956,254.11258456473615,0.0,0.2454394693200663,2.635207994520235,64.7939040342531,65.23618837710097,35.44875941241336,53.050361806190644,95.09885216019956,142.9630521098433,254.11258456473615,4255.7602739726035,89.91269030365265,44.956345151826326,0.644715463027394,0.2500766663301454,0.2599723895795002,real
Oa1835,139.74999999999997,82.48277477443021,733.8511052138397,0.6173100398471241,0.24567680381633877,3.2940121303646595,139.97276520809325,140.6572326894111,23.185310669492782,39.920055711939064,82.48277477443021,203.35016055854777,733.2337951739926,19784.457107843136,163.4301048466087,81.71505242330436,1.0015940265337622,1.2273935963278069,0.24896886841052904,real
Oa1853,89.99999999999999,64.17157287525382,340.0,8.886641361861985,0.23703703703703707,2.480480130792856,82.49848483457136,83.15065691882263,17.518359302785676,29.068326275858393,64.17157287525382,114.88884214220431,331.11335863813804,6914.031746031746,85.82051586634591,42.91025793317296,0.9166498314952375,0.939232781421556,0.23034162599886304,real
Oa1857,91.74999999999997,58.59667920978254,522.8384386197407,0.25,0.31607629427792927,3.4874042746707477,107.21182304205074,107.83334606352442,19.719395557923793,26.31557162947807,58.59667920978254,101.59082338009203,522.5884386197407,11628.030523255817,75.27525175061396,37.63762587530698,1.1685212320659484,0.9276958412659579,0.1596059771356021,real
Oa1942,96.0,62.573593128807154,469.1430447196289,0.1272130099355503,0.3055555555555555,3.426836706997553,102.22035022440492,102.80614499277688,12.590685354849413,26.709664180754473,62.573593128807154,145.6066017177982,469.0158317096934,10569.10344827586,118.89693753704374,59.44846876852187,1.0647953148375513,0.9810103408316933,0.3400390582793927,real
Oa1990,105.74999999999997,87.33996941412643,325.0532777519101,1.4083902678799998,0.22379826635145791,2.4569115609840466,69.72356129745525,70.21982066543401,45.870366487471486,60.74530997842457,87.33996941412643,146.77835840277695,323.6448874840301,4930.823214285715,86.03304842435237,43.016524212176186,0.659324456713525,0.7921295288116099,0.2542750963686201,real
Oa2016,97.99999999999996,64.23448813160033,456.74055422608353,0.0,0.24489795918367357,2.7402782186195647,104.88088481701512,105.61690005612161,23.415548289435595,31.05034324966806,64.23448813160033,130.46987324128725,456.74055422608353,11154.929577464782,99.41952999161919,49.70976499580959,1.0702131103777057,0.9658245711974129,0.23826359657016347,real
Oa2046,104.75,51.35204935846131,509.7942981022272,0.7122854972983497,0.213206046141607,2.490789960098452,109.94146169666836,110.77122034886027,26.60278725442824,29.96679362365266,51.35204935846131,175.8300915858495,509.0820126049288,12270.263257575754,145.86329796219684,72.93164898109842,1.0495604935242802,1.4570831554577244,0.34657408976287346,real
Oa2073,90.99999999999999,59.78568870697168,407.83813120418586,1.0,0.24908424908424914,2.6043583584768784,82.52272414311102,83.13628444334503,31.12409641556253,38.02372272938262,59.78568870697168,115.38355507974731,406.83813120418586,6911.6417910447735,77.35983235036468,38.67991617518234,0.9068431224517696,1.134753304031617,0.219680704438191,real
Oa2101,127.5,102.31158359560871,517.5529614658659,6.767024943348593,0.22483660130718955,2.8027600417181087,117.4191211004409,118.10780220280314,24.34832553095577,52.61130796611107,102.31158359560871,159.1457822407,510.7859365225173,13949.452941176472,106.53447427458892,53.26723713729446,0.920934283140713,0.6435514804146335,0.2011730026571187,real
Oa2121,88.50000000000003,64.56249734174126,339.5023740715725,3.306514078115978,0.3088512241054613,3.198641470894362,77.73191107904142,78.21026581601897,16.755923093739366,30.080139947291705,64.56249734174126,132.53270860205848,336.1958599934565,6116.8456790123455,102.45256865476676,51.22628432738338,0.8783266788592249,0.9238484809894099,0.31976697422588807,real
Oa2126,90.24999999999997,55.5245210879132,389.85693228951726,1.319664060875125,0.2696214219759927,2.9310236083695225,95.16039091975188,95.81894819571612,12.321711231411761,26.447391461843004,55.5245210879132,110.25,388.5372682286421,9181.27083333333,83.80260853815699,41.901304269078494,1.0544087636537607,1.0947457837170047,0.17464062115723944,real
Oa2132,90.75000000000001,64.67446710477789,408.16056471987,1.201097041367376,0.2754820936639118,2.9900060635299543,89.07651205564794,89.67636066523973,8.243988129401927,23.34501064112021,64.67446710477789,126.89311358370155,406.9594676785026,8041.849662162155,103.54810294258134,51.77405147129067,0.981559361494743,0.8781955745729761,0.28668065012934435,real
Oa2151,100.74999999999999,74.19122522142729,553.7488938217596,0.17031373513862855,0.22167080231596362,2.525686510050587,113.41130895990926,114.2672555101337,19.511235097290317,33.381776513519384,74.19122522142729,116.85688609593166,553.578580086621,13057.00568181818,83.47510958241227,41.737554791206136,1.125670560396122,0.7025430273790735,0.20546810392578935,real
Oa2156,129.75000000000003,70.46065146907056,598.5389076829658,9.77852021542755,0.24405908798972378,3.1333733263856445,138.61051547411546,139.34585493380865,23.55920423489893,42.6697868238401,70.46065146907056,173.74427626486474,588.7603874675383,19417.267287234048,131.07448944102464,65.53724472051232,1.0682891366020457,1.2832218752263713,0.24933210303858833,real
Oa2171,108.74999999999996,97.66154518497869,282.6239812954723,9.200669680699635,0.22988505747126445,2.557190433295161,73.33229165926834,73.82611738475826,34.91269342781609,48.28379322607045,97.66154518497869,147.7020368640751,273.4233116147726,5450.295608108106,99.41824363800464,49.70912181900232,0.6743199233036171,0.4536250496524534,0.2909993016690503,real
Oa2339,105.49999999999997,82.69022737871981,422.56681877180966,2.230142346501448,0.24644549763033183,2.8039903801508785,94.39941737108337,95.01042321493215,25.14069905612559,34.49456937868081,82.69022737871981,154.68858087314382,420.3366764253082,9026.980519480516,120.19401149446301,60.097005747231506,0.8947812073088474,0.7248913157466361,0.30009442609339265,real
Oa2367,82.50000000000001,50.61535878811766,366.6071247095896,4.0,0.2666666666666666,2.7182968597861716,85.38296082943012,86.03724595957087,18.804567129230836,22.164356584965685,50.61535878811766,101.62738352147964,362.6071247095896,7402.407692307693,79.46302693651396,39.73151346825698,1.034944979750668,1.120292886384384,0.20762389470629308,real
Oa2371,96.50000000000003,61.84337234012677,412.0,0.8966716262729144,0.22797927461139889,2.5117415051499443,97.09917610361066,97.84324197408831,20.512938003163587,39.235670034787674,61.84337234012677,118.48635652279985,411.1033283737271,9573.299999999997,79.25068648801218,39.62534324400609,1.0062090787938927,1.0707596825402272,0.205777599273628,real
Oa2572,103.24999999999997,74.2781663294847,419.554944244256,4.0,0.22276029055690078,2.476851846924128,87.3913611291185,88.03159944020102,25.03635474764808,36.20217170153381,74.2781663294847,138.82008028873398,415.554944244256,7749.562500000001,102.61790858720016,51.30895429360008,0.8464054346645862,0.9945548380134551,0.2651220720670156,real
Oa2691,94.75000000000001,51.314721255613165,576.7321601484999,5.417119422094103,0.23570800351802987,2.5738573069212856,109.39435543025058,110.21998491996618,25.921506955356296,34.40003727138439,51.314721255613165,103.94870614738636,571.3150407264059,12148.445075757574,69.54866887600197,34.774334438000984,1.1545578409525126,1.191156853757807,0.1689657844526616,real
Oa2856,102.49999999999996,80.79596506826974,320.8813752096481,4.3560972742629,0.24065040650406516,2.6641437837273894,82.17207554881401,82.7329835999069,22.04573462005935,31.153059775154258,80.79596506826974,149.18465219933267,316.52527793538525,6844.746575342465,118.03159242417841,59.01579621208921,0.8016787858420882,0.7923872478614838,0.31840733873083654,real
Oa2949,102.0,73.5707481212828,787.0,1.0,0.23529411764705882,2.809398121750486,138.0398493189557,139.00856190066187,11.607456927996855,13.581375323675946,73.5707481212828,126.13269438711878,786.0,19323.38028169014,112.55131906344283,56.275659531721416,1.353331856068193,0.6178488027691568,0.27348695265855877,real
bOaU24,95.75000000000003,60.870319418905964,295.5060762497007,4.06611349707143,0.27502175805047857,2.956130291119323,82.61280167141169,83.14068436954257,24.040823300128782,41.53617973237657,60.870319418905964,135.67623521040687,291.43996275262924,6912.3733974359,94.1400554780303,47.07002773901515,0.8627968842967275,1.2666201802412993,0.2185758888206557,real
bOaCD32,89.99999999999999,63.52250755778068,278.485291572496,6.955497426962646,0.29629629629629634,3.0871927523590528,75.16648189186454,75.6407230752177,19.96731408035197,30.702661155608908,63.52250755778068,146.04931368074614,271.52979414553334,5721.518987341772,115.34665252513723,57.673326262568615,0.8351831321318283,1.0567539590442787,0.32124539038962324,real
bOaCD36C,98.49999999999996,62.88281312261117,454.88462330584605,0.9040302460505039,0.25042301184433174,2.8768936408265193,104.60521019528613,105.31924722298595,8.96738956335325,23.879747783033984,62.88281312261117,142.62058515474692,453.9805930597955,11092.143835616434,118.74083737171293,59.370418685856464,1.0619818293937684,1.0214745559297338,0.28849641550964367,real
bOaCD58B,90.49999999999999,63.50093539174912,400.2781918293691,1.0,0.24309392265193375,2.624341532955085,94.10765112359354,94.82879309576809,15.33890066158999,24.250667377183245,63.50093539174912,116.04765901741528,399.2781918293691,8992.499999999995,91.79699164023204,45.89849582011602,1.0398635483270007,0.8606865951672441,0.2509989770050089,real
bOaU58,105.49999999999999,103.30709400681079,431.2227213685672,2.157388586393807,0.22116903633491314,2.4872843896398518,86.00726713481832,86.62826629766482,22.87697645802746,32.56357647166437,103.30709400681079,154.9512675721645,429.0653327821734,7504.45652173913,122.38769110050015,61.193845550250074,0.8152347595717377,0.07649025714600734,0.3377608234356017,real
bOaU86,51.5,27.384154453902017,240.99999999999997,1.0,0.34951456310679613,2.873155001907473,55.43690106779057,55.95744677035044,10.59273030012409,14.696987696382497,27.384154453902017,76.3912448145754,239.99999999999997,3131.235849056603,61.69425711819291,30.847128559096454,1.0764446809279722,1.3050429451282701,0.2666768101445649,real
bOa2156i,132.49999999999997,100.58937638814413,576.0,2.349000314250466,0.24654088050314468,3.187349287189801,124.67658160215974,125.31759652977708,25.130532657105007,36.00585075561502,100.58937638814413,150.45286088811136,573.6509996857495,15704.499999999996,114.44701013249633,57.223505066248165,0.9409553328464888,0.7678416395875036,0.17500333081203034,real
Oa1774,94.75000000000001,69.87896582156985,351.86416639357077,0.3946516065326095,0.2919964819700967,3.170905984572313,84.67659062574495,85.19134667781985,16.050288073778358,26.901189117928755,69.87896582156985,133.04291596008008,351.4695147870382,7257.565548780487,106.14172684215133,53.070863421075664,0.8936843337809492,0.8811538346538628,0.258714293032083,real
bOaU73B,94.74999999999996,68.42888975114845,441.22906844601175,4.014280877691307,0.26385224274406344,2.8801065119003812,88.6883588753338,89.28559362926211,8.765522384584589,27.0,68.42888975114845,143.72612294370327,437.21478756832045,7971.91722972973,116.72612294370327,58.36306147185164,0.9360248957818875,0.8903460583541813,0.2987061091942876,real
Oa1735b,109.24999999999997,80.9159399728573,467.3750940282094,1.5517819563253161,0.23493516399694897,2.749360204070083,102.5658325174617,103.2384025600837,11.583758531646051,41.765383458491534,80.9159399728573,133.5978202265309,465.82331207188406,10658.167763157897,91.83243676803937,45.916218384019686,0.9388176889470181,0.8287572771074275,0.17769103435288677,real
Oa1781,107.0,85.61031232274637,531.5152723224263,3.800412576787245,0.2367601246105919,2.73265042396869,105.00952337764416,105.70726875038757,18.304761924001152,38.70273561847229,85.61031232274637,132.85212338219958,527.714859745639,11174.026666666663,94.14938776372729,47.074693881863645,0.981397414744338,0.61107850952709,0.21435764874827548,real
Oa1692,101.75000000000001,80.18895392253737,379.3956059988811,8.159836098993775,0.23259623259623258,2.6275739360101795,97.90492837441839,98.60176939878626,20.997243506822414,26.804916733883683,80.18895392253737,123.80227673887126,371.2357698998873,9722.308928571423,96.99736000498757,48.498680002493785,0.962210598274382,0.6606729539193353,0.20558610229209293,real
Oa1702,89.25,58.52922391824652,452.94225320993985,2.925900792895013,0.22782446311858076,2.4198460862693345,93.67897309428623,94.4564052883657,14.587323936106445,32.893316181632244,58.52922391824652,106.63816424894884,450.01635241704486,8922.0125,73.7448480673166,36.8724240336583,1.049624348395364,0.983810189213973,0.20904434390142168,real
Oa1723,115.25000000000003,79.96112491011243,511.6644026975033,0.471415929275997,0.22270426608821398,2.6846837376396486,109.02637295627147,109.7413076524203,21.104570431268787,45.290401613933675,79.96112491011243,146.74547047637978,511.1929867682273,12043.154605263162,101.4550688624461,50.72753443122305,0.9459988976682989,0.9710185012953151,0.18714437613708026,real
Oa1724,121.74999999999999,71.14223903790811,1033.0,3.342977625856568,0.23819301848049285,3.1468060255447567,180.6221885594347,181.66928248241203,16.677765704704065,25.522438848320327,71.14223903790811,135.45976157020195,1029.6570223741435,33003.72819767441,109.93732272188163,54.968661360940814,1.4835498033629135,0.8405572100368907,0.17941066759193242,real
Oa1764,103.25000000000001,79.76715062501586,371.49330823946326,0.25,0.2227602905569007,2.466773752912522,81.41406512390843,82.01051313524312,20.40098164568827,42.25550524967247,79.76715062501586,138.32232575504221,371.24330823946326,6725.724264705885,96.06682050536975,48.033410252684874,0.7885139479313164,0.8653117617666314,0.23429066650086117,real
Oa1803,124.25,62.14629194739121,701.9673456950147,1.0425812454914638,0.23876592890677398,3.0904099665235387,151.6591573232556,152.51842288124348,27.306868137927786,32.111171484660936,62.14629194739121,151.15148369968938,700.9247644495233,23261.869318181813,119.04031221502845,59.520156107514225,1.2205968396237876,1.2284858194267256,0.20061537290727394,real
Oa1805,125.5,75.99999999999999,461.6268507036906,1.0,0.20717131474103587,2.6383254620261876,126.43278846881452,127.25113221245086,24.35210201176389,37.714256915543494,75.99999999999999,186.5806384940077,460.6268507036906,16192.850649350647,148.8663815784642,74.4331907892321,1.007432577440753,1.1745370943600486,0.23503731560810792,real
Oa1836,90.75,57.32904066517166,561.9142423536238,2.2945188134854453,0.2460973370064279,2.7769084334985163,113.13763741567175,113.99151849097719,8.560260967258069,15.966942085110812,57.32904066517166,114.06969197136628,559.6197235401384,12994.066287878793,98.10274988625547,49.05137494312773,1.2466957290983112,0.8862026845771545,0.21569812120799312,real
Oa1843,101.25,60.04805177155887,406.45788191498804,0.3884132019884443,0.2271604938271605,2.6000094427162272,107.76015033397086,108.54961253893512,19.813560189169188,39.0,60.04805177155887,127.78775970853764,406.0694687129996,11783.01838235294,88.78775970853764,44.39387985426882,1.0642977810762553,1.1470459562486084,0.13675492343579376,real
Oa1892,113.75000000000003,67.51014261413755,476.2331496412506,0.6704590813847471,0.23150183150183143,2.7412382243899307,107.53545926809444,108.22259379488328,33.192597838069254,40.24038521384519,67.51014261413755,145.25707434179887,475.5626905598658,11712.129807692309,105.01668912795368,52.50834456397684,0.9453666748843466,1.2899891170943765,0.247190594111316,real
Oa1907,143.75,89.86835621764158,636.1035735612838,3.3299088733161657,0.29449275362318844,4.010165101469422,148.23924918860052,148.8263376215422,21.77097386429026,40.21286934112308,89.86835621764158,180.06402863929972,632.7736646879677,22149.27876984127,139.85115929817664,69.92557964908832,1.0312295595728733,1.0904327445791302,0.1802252296767695,real
Oa1925,160.75000000000006,116.99732846018631,584.7575439310441,2.0125575792973724,0.2716433385173664,3.8913308330164336,149.07422647795292,149.64649048803187,25.280813808170556,38.457425941207866,116.99732846018631,216.2427032572072,582.7449863517468,22394.072115384613,177.78527731599934,88.89263865799967,0.9273668832221018,0.8804876451185438,0.22580937757732097,real
Oa2342,120.24999999999996,63.99568154260725,637.2705022263779,1.7639910096440752,0.2245322245322246,2.81012260261915,132.8909327230417,133.7189216229326,28.951627545460116,36.689746089027,63.99568154260725,144.55508702021538,635.5065112167338,17880.749999999996,107.86534093118838,53.93267046559419,1.1051221016469166,1.2699358181486873,0.2070190444072264,real
Oa2376,114.50000000000003,68.18414735865912,463.06706769238616,4.500140984342332,0.21542940320232892,2.6272632181661923,112.8372722109144,113.6075014405371,19.90578130579099,25.898617442872503,68.18414735865912,179.71108931726457,458.5669267080438,12906.664383561641,153.81247187439206,76.90623593719603,0.9854783599206496,1.2313977039812094,0.2923765395664541,real
Oa2527,129.0,71.08883882928176,532.8538203895066,0.004001045574342153,0.21705426356589147,2.8120419343891383,123.47469376354007,124.21629018364682,20.969444203547294,32.84556974658428,71.08883882928176,217.6906713592686,532.8498193439323,15429.686746987953,184.84510161268432,92.42255080634216,0.957168168709613,1.4070371686433387,0.3395751307483457,real
Oa2528,105.99999999999999,70.36481739925158,521.2031021678298,0.0,0.22641509433962267,2.601238620264123,109.22453936730517,109.99103676670242,33.64231468951453,45.60769515458674,70.36481739925158,113.8298805145115,521.2031021678298,12098.028169014084,68.22218535992477,34.11109267996238,1.0304201827104262,0.9787685846194184,0.20065348635271996,real
Oa2584,83.0,63.303689109227186,324.3099766837376,1.2306172838031508,0.24096385542168675,2.463710173203321,76.32168761236873,76.965763905514,12.351318002978585,32.826372898785635,63.303689109227186,106.28713408587274,323.07935939993445,5923.72881355932,73.4607611870871,36.73038059354355,0.919538404968298,0.7742089374703823,0.20616769854001352,real
Oa2586,122.25000000000003,93.48362201512997,495.19788968782115,5.303135187985975,0.19904567143830942,2.4717155005016282,113.33357843110753,114.11790321125487,15.177898895730078,22.944321031533107,93.48362201512997,166.5615436569154,489.8947544998352,13022.895833333336,143.61722262538228,71.80861131269114,0.9270640362462781,0.7614612999012392,0.2673732043025102,real
Oa2684,105.49999999999999,59.67860022582553,615.7869916224788,5.028467180986861,0.22116903633491314,2.7134702601213356,146.7625633463793,147.82223460453523,12.45712345304276,20.613629888716357,59.67860022582553,93.97152269712645,610.758524441492,21851.413043478256,73.35789280841009,36.67894640420504,1.3911143445154437,0.936643488558383,0.12263953213656673,real
Oa2985,116.74999999999996,76.95213997893414,643.3564643817339,2.6701318808476637,0.21413276231263392,2.6551785201544513,130.70434193246987,131.58451579611219,15.080249853350686,21.4471465884853,76.95213997893414,137.44481119075786,640.6863325008862,17314.484797297297,115.99766460227256,57.99883230113628,1.1195232713701921,0.9134629982291156,0.24018935660529378,real
bOaU27,91.25000000000004,66.08054608054645,408.63121393954435,6.645101907105193,0.22283105022831037,2.3696301137783014,93.65762115279249,94.43487614929845,19.358869319054243,31.391400365879726,66.08054608054645,113.51270450104384,401.98611203243917,8917.945833333337,82.12130413516411,41.060652067582055,1.0263848893456706,0.8062169509428055,0.26128883767547956,real
bOaU30,92.24999999999997,72.14533417409855,293.0223844976298,6.836550971094113,0.2348690153568203,2.518366262069746,82.58329128825031,83.22597250858652,14.768550719552286,21.04675889137628,72.14533417409855,136.02182245134574,286.1858335265357,6926.5625,114.97506355996946,57.48753177998473,0.8952118296829304,0.7303414109178953,0.259748188646369,real
bOaU75,103.5,84.67087037411626,258.5710838545391,2.3260748337678256,0.22544283413848631,2.4930261942975265,74.58719729283305,75.12574000696569,19.86198317395328,36.58056597392889,84.67087037411626,164.68851732394782,256.24500902077125,5643.876811594205,128.10795135001894,64.05397567500947,0.7206492492061165,0.7573335763761025,0.31397877168159044,real
Oa1712,99.5,73.63903902446116,326.6216739597464,0.13697163376219024,0.2613065326633166,2.9539146811326167,92.2130684881487,92.80992305880777,13.232509671360742,26.79596203171419,73.63903902446116,143.38761785902693,326.4847023259842,8613.681818181818,116.59165582731274,58.29582791365637,0.92676450741858,0.8413436858636533,0.2378371098919359,real
Oa1716,108.99999999999996,83.38715518463229,497.72539633578594,1.9643237882064872,0.23241590214067287,2.720008042094069,103.26180319944056,103.9479356857717,26.439853709570095,34.0,83.38715518463229,159.47380890731918,495.76107254757943,10805.173333333329,125.47380890731918,62.73690445365959,0.9473559926554184,0.7441138161968421,0.3226130323783436,real
Oa1733,104.49999999999997,86.28584724622431,346.68517309576674,0.1407894803918079,0.21052631578947373,2.416275045556562,88.7369708746022,89.41695760700152,13.213917422884874,32.32273258082276,86.28584724622431,161.17604059665288,346.54438361537495,7995.392307692307,128.85330801583012,64.42665400791506,0.8491576160249017,0.6157800714038848,0.30216786472868845,real
Oa1745,102.74999999999999,75.06888370749724,552.25,5.649867587290594,0.24330900243309006,2.7160082970547372,91.00892813345291,91.62178979295734,17.726850872936645,32.0912138066641,75.06888370749724,146.43960688596093,546.6001324127094,8394.552364864863,114.34839307929683,57.17419653964841,0.8857316606662086,0.9124747492436768,0.301019633882575,real
Oa1760,113.5,80.3580985732454,446.01420170772604,1.5651387876456573,0.2525697503671072,3.021320304439317,107.95022000903936,108.58336455840521,19.332368113644396,43.37528153767579,80.3580985732454,153.40243166324063,444.4490629200804,11790.347058823529,110.02715012556484,55.01357506278242,0.9511032599915362,0.9210329008309409,0.2272130313428703,real
Oa1770,120.24999999999996,83.06939441214206,506.67668339678534,0.9503701474747765,0.2245322245322246,2.8297670670411073,119.94582110269619,120.69315432119586,13.268570662907258,30.012487971343266,83.06939441214206,178.3772020467541,505.7263132493106,14566.837499999998,148.36471407541083,74.18235703770542,0.9974704457604676,0.9299349968022055,0.25312574952721806,real
Oa1784,92.75,60.74049949092605,297.195787866994,3.626164607505677,0.2695417789757412,2.913602314423036,83.34641563978622,83.90767730554106,18.273001769341146,20.7487627066954,60.74049949092605,163.07269313433034,293.5696232594883,7040.498310810809,142.32393042763493,71.16196521381747,0.8986136457119808,1.1521611432247572,0.34120547889687697,real
Oa1786,107.99999999999996,78.1421409910348,350.70566660142697,1.0,0.24691358024691368,2.895333861845831,102.74726273726225,103.39551688246644,23.091854514767967,26.30955476210796,78.1421409910348,138.86557318070024,349.70566660142697,10690.632911392404,112.55601841859227,56.27800920929614,0.9513635438635397,0.87178553122088,0.2054448262346213,real
Oa1791,87.5,66.71247260246088,570.2822385005655,2.3023567643744234,0.32761904761904764,3.3837376827479995,90.59387396507562,91.12522089055776,22.4779246986239,35.17955185229941,66.71247260246088,113.7240035358939,567.9798817361911,8303.805882352945,78.54445168359449,39.272225841797244,1.035358559600864,0.6883752671472957,0.2776335136842062,real
Oa1811,103.99999999999999,71.26129684779096,413.64278866277436,11.553115709176074,0.2307692307692308,2.6008898535477143,98.87871358386495,99.57260780632448,23.937252667056978,32.626868304358766,71.26129684779096,140.76251261251883,402.08967295359827,9914.704225352112,108.13564430816007,54.067822154080034,0.9507568613833169,0.9932988192986969,0.2488417678396273,real
Oa1814,86.24999999999997,57.91556862425951,479.6477157098649,1.021683388335465,0.2821256038647344,2.9959793221493207,91.59421379104685,92.2280913460391,11.18485583256573,21.301552064749178,57.91556862425951,133.22719598523366,478.6260323215294,8506.020833333332,111.92564392048449,55.962821960242245,1.0619618990266306,0.9280421831136487,0.308668918932937,real
Oa1815,98.74999999999999,67.45896306358784,377.0525834424229,3.1044617270633714,0.25316455696202533,2.7899098993551577,88.11710957583662,88.71049748967064,21.110312366825433,34.149776084859205,67.45896306358784,140.28040143968894,373.9481217153595,7869.552364864861,106.13062535482973,53.065312677414866,0.8923251602616368,1.0653221747865662,0.22863487387513104,real
Oa1833,117.25000000000003,73.2472656702923,475.59227692820986,2.0067966236374257,0.2416488983653162,2.939302456667782,118.52953218502131,119.23297772089094,26.22606719279793,39.586310777095775,73.2472656702923,135.24641533714316,473.58548030457246,14216.502976190477,95.66010456004739,47.83005228002369,1.0109128544564714,1.1137157175568877,0.1574049200550258,real
Oa1927,117.50000000000006,96.95140550358482,508.15067155070864,1.0,0.26666666666666655,3.1362478373946026,97.89407540806545,98.41898037942039,27.41854781254926,63.14533152931668,96.95140550358482,145.1815154807203,507.15067155070864,9686.295698924736,82.03618395140361,41.01809197570181,0.8331410673026842,0.629719247383246,0.1990569879552314,real
Oa1928,104.00000000000001,63.49459870647097,435.35605689073293,9.0,0.23076923076923073,2.656639207286352,106.30616162763094,107.05217893197926,14.62473686955556,27.898627991215832,63.49459870647097,147.75252808666636,426.35605689073293,11460.169014084502,119.85390009545053,59.92695004772526,1.0221746310349127,1.1430777108314183,0.2677063600837162,real
Oa1943,108.99999999999997,82.8446665416943,342.95385359411966,3.471950201760699,0.23241590214067284,2.728162343114384,97.75479527879949,98.40433594782972,16.897342861633774,30.91695290450435,82.8446665416943,148.22044342731652,339.48190339235896,9683.413333333332,117.30349052281218,58.65174526140609,0.8968329842091699,0.8026818546458998,0.230256573409694,real
Oa1976,91.74999999999999,54.11991817222862,351.5722301410788,0.4087708569710308,0.2579473206176204,2.845717743898318,88.3140702266632,88.94264805399679,9.302517806569659,22.80979248966591,54.11991817222862,168.04450166135388,351.1634592841078,7910.79464285714,145.23470917168797,72.61735458584398,0.9625511741325692,1.278281537625598,0.34312041438316476,real
Oa1989,129.5,90.0288677474321,504.4052384027675,3.0763292068561925,0.24195624195624194,3.0827595501314273,128.51945378035188,129.20857107293494,25.9675899519887,44.301274688017784,90.0288677474321,168.32862622258497,501.3289091959113,16694.854838709678,124.02735153456719,62.013675767283594,0.9924282145200918,0.9213655464182092,0.24694545344578994,real
Oa2032,110.0,85.91175617365798,536.1842471189699,0.9346664388411754,0.24242424242424243,2.901858798178479,116.50321883965265,117.23826221239496,12.236139827462862,29.448738569553775,85.91175617365798,128.0051625502706,535.2495806801287,13744.810126582275,98.55642398071683,49.278211990358415,1.0591201712695695,0.6202809862145224,0.23586653706356617,real
Oa2118a,105.74999999999999,87.63591040385671,303.771360637959,1.4931610903272243,0.2237982663514579,2.605547424079425,92.25169375138866,92.90829772261617,10.540717269543814,25.219284253961852,87.63591040385671,152.8283383404395,302.27819954763174,8631.951785714286,127.60905408647764,63.80452704323882,0.8723564420935099,0.5890652689247975,0.24755603469581486,real
Oa2118b,103.74999999999999,94.00453047938085,326.09904038308497,1.886431181691422,0.22811244979919684,2.626974581245566,90.85909420635888,91.50578631196733,10.900952735145664,23.749376019917495,94.00453047938085,155.6893576520072,324.21260920139355,8373.308928571429,131.9399816320897,65.96999081604486,0.8757503056034591,0.3217774601126419,0.2678113209220042,real
Oa2134,90.25,56.25,490.9117869307605,2.6220353292919354,0.2696214219759926,2.9122778151847752,98.74462010661645,99.42798203278146,16.732784078851974,22.317843794819183,56.25,123.77490532047537,488.2897516014686,9885.923611111113,101.45706152565619,50.72853076282809,1.0941232144777446,1.0329676684144276,0.2527640870027738,real
Oa2337,93.0,48.33109755309983,324.0,0.0,0.27240143369175623,3.1043989360778017,99.08077512817506,99.7391263914685,8.149976527034404,16.36735792419666,48.33109755309983,131.06152055126847,324.0,9947.89333333333,114.69416262707182,57.34708131353591,1.0653846787975814,1.35249958599278,0.2089063503803298,real
Oa2364,100.49999999999996,74.99999999999999,282.49367043166166,0.0,0.218905472636816,2.4707787733287807,83.5239486614468,84.16398827929272,17.613473458269944,27.0,74.99999999999999,155.89577005911025,282.49367043166166,7083.576923076924,128.89577005911025,64.44788502955512,0.8310840662830531,0.9159049736750651,0.30120919767911025,real
Oa2369,100.49999999999996,76.4382410155498,388.4959343012911,6.092732119512776,0.218905472636816,2.412855468986601,90.75378779973869,91.44922929397238,27.38401817307557,32.0852817160125,76.4382410155498,122.56792793554337,382.4032021817783,8362.961538461537,90.48264621953086,45.24132310976543,0.9030227641765047,0.795396850130792,0.26349739577824044,real
Oa2372,87.49999999999999,67.14863711530195,233.59610954013792,8.312082263800393,0.2666666666666667,2.6789490303171446,65.2476053200422,65.71871328139588,28.241997900607288,37.3877388314947,67.14863711530195,125.55528232641333,225.28402727633753,4318.949275362318,88.16754349491863,44.083771747459316,0.7456869179433395,0.9357291866057195,0.24347988040266064,real
Oa2470,89.99999999999999,51.93627601745109,495.63120961098036,1.0,0.23703703703703707,2.7057587900406594,111.4495401515861,112.33057789470654,5.46911394912035,11.314059168549049,51.93627601745109,119.4318140741553,494.63120961098036,12618.158730158735,108.11775490560625,54.058877452803124,1.2383282239065125,1.02459975870992,0.25287764809522606,real
Oa2681,88.75000000000001,66.76458365195926,343.44037031896295,1.746205259011547,0.2816901408450704,2.9953063671898192,86.35754165097569,86.93908048867446,15.21308107813223,20.187661538147427,66.76458365195926,129.0,341.6941650599514,7558.403716216217,108.81233846185258,54.40616923092629,0.973042722827895,0.7637578349635324,0.3261288006988354,real
Oa2717,134.5,81.44814862707597,601.7308508940012,1.4527702129374729,0.22304832713754646,2.9235291223169253,136.4267202567004,137.19102158849307,24.13371053248646,48.723325898868055,81.44814862707597,188.27946607277332,600.2780806810637,18821.37640449437,139.55614017390525,69.77807008695262,1.014325057670635,1.1666010428111526,0.20264853169927038,real
Oa2916,74.00000000000001,79.11841095626185,213.35686297361065,0.13666286648527848,0.3243243243243243,3.0649832108843915,52.65928218272633,53.02882553883471,11.31451901543088,31.17386598601422,79.11841095626185,104.86935164853404,213.22020010712538,2812.056338028168,73.69548566251981,36.84774283125991,0.7116119213881935,-0.2915959396389656,0.2752237364730692,real
Oa2977,113.50000000000003,79.53038575369644,423.5687774555304,1.6585634234457172,0.22907488986784136,2.752551827611146,114.04933143162218,114.78752251301239,25.199684742642447,28.641726076594868,79.53038575369644,135.72126483009643,421.91021403208464,13176.175324675325,107.07953875350157,53.53976937675078,1.0048399245076842,0.8935505492200962,0.16422104826610093,real
Oa2993,98.75000000000003,64.61976554955027,372.623185211463,6.445790354244653,0.22616033755274254,2.512514550370849,93.8143112749862,94.52235385763454,23.98804961686382,26.510259133398556,64.61976554955027,139.98367464985722,366.17739485721836,8934.47537878788,113.47341551645866,56.73670775822933,0.9500183420251764,1.0914188033766423,0.2699826227433799,real
bOaU14i1,118.49999999999999,68.48074279772669,553.7319701211695,3.1524745708355835,0.25316455696202533,3.0873219212199126,125.03699452562027,125.73748737085958,23.887804924466284,39.577308092859234,68.48074279772669,127.08832336713573,550.579495550334,15809.915730337074,87.5110152742765,43.75550763713825,1.055164510764728,1.2001069937431421,0.1412470841951338,real
bOaU14i2,129.49999999999997,105.08932010893325,375.0047008046582,0.29510772935386614,0.2625482625482626,3.24736109234866,95.47381840064844,95.94529691443974,30.525189656834694,53.86215372593967,105.08932010893325,182.26790966055728,374.7095930753044,9205.499999999998,128.40575593461762,64.20287796730881,0.7372495629393704,0.7670379262080795,0.27284127228624655,real
bOaU14i3,135.99999999999997,97.15370071422893,532.3486742963366,1.0,0.23529411764705888,3.040756870299443,118.55378526221759,119.1761191196502,24.121320343559645,44.51808627960346,97.15370071422893,194.10119318199716,531.3486742963366,14202.947368421052,149.5831069023937,74.79155345119685,0.8717190092810119,0.9830044447720675,0.2705961999880055,real
bOaU84,92.74999999999996,58.146189419598215,349.5928561501889,0.4270574253999214,0.2695417789757414,2.9384197836335773,85.03896165875967,85.6116210695847,11.64650352184813,26.07390150329705,58.146189419598215,148.0408569806052,349.16579872478894,7329.34966216216,121.96695547730816,60.98347773865408,0.9168621203100777,1.2207514028425563,0.29207985133529835,real
bOaU95i1,78.0,72.06516076576796,243.20733211548628,0.0,0.2735042735042735,2.6791447076450523,61.903150162168636,62.39251074308034,10.000000000000002,22.242640687119284,72.06516076576796,103.96983845444294,243.20733211548628,3892.8253968253957,81.72719776732364,40.86359888366182,0.7936301302842133,0.2876189282137236,0.24472588221366715,real
bOaCD,141.49999999999994,126.23578873735899,618.9108710679783,2.345173636397421,0.22143698468786815,2.9358732314214167,123.55262036881291,124.21510565594782,17.554311731787976,37.47682959260217,126.23578873735899,203.0087585296326,616.5656974315808,15429.392473118281,165.53192893703041,82.76596446851521,0.8731633948326004,0.37063263936635876,0.3499987645785932,real
bOaCD,132.25,88.18855296335872,798.8193622396357,2.9870964132279676,0.22432262129804664,2.913776248940223,146.25149571884722,147.08012272227677,19.500190442168776,33.667209064223414,88.18855296335872,144.37853743032514,795.8322658264077,21632.562499999993,110.71132836610172,55.35566418305086,1.1058714232048938,0.9038153111543832,0.21480481557423212,real
bOaCD,117.25000000000003,88.2062067915365,830.3956584073736,9.338150780346455,0.21890547263681587,2.688119974510247,143.4041491728883,144.34451432524023,17.74310813913867,32.156570463495875,88.2062067915365,145.3070724158704,821.0575076270271,20835.338815789477,113.15050195237453,56.57525097618726,1.2230631059521389,0.6075931563203574,0.29668372289821154,real
bOaCD20,121.24999999999997,110.25,378.86001125354653,1.6844553084234022,0.2116838487972509,2.5877417794322164,101.36937407323774,102.03409840265216,26.347165638090527,33.86585441537755,110.25,167.4399857425074,377.1755559451231,10410.957236842105,133.57413132712983,66.78706566356492,0.8360360748308269,0.325542110738081,0.2566393056279653,real
bOaCD,88.99999999999997,42.334213108094474,426.42914046152134,1.0,0.3146067415730338,3.484268425349418,106.57391800998964,107.2140073567534,12.85051217525995,22.022025171595576,42.334213108094474,88.18427264246208,425.42914046152134,11494.84337349397,66.1622474708665,33.08112373543325,1.1974597529212323,1.313617471233383,0.12958651153331344,real
bOaCD,120.74999999999999,83.77751975846965,638.9725110429343,0.946537250629623,0.25120772946859904,3.0328661107455686,115.40634731244207,116.04572255030439,39.20318990184491,50.25937963476127,83.77751975846965,153.15026752851284,638.0259737923047,13466.609722222225,102.89088789375157,51.445443946875784,0.9557461475150483,0.9611034688092315,0.23927854907554344,real
bOaCD,102.49999999999996,36.63875655826428,476.8110658045804,0.7313155309046818,0.24065040650406516,2.8726316153642784,115.59519886223646,116.38425374829681,12.093766578067406,21.411529417137906,36.63875655826428,168.44173277808423,476.0797502736757,13545.29452054794,147.03020336094633,73.51510168047317,1.1277580376803562,1.7092728095107352,0.31077687079039357,real
bOaCD19,96.49999999999999,60.77548046416348,308.1672356955986,3.2872340055731795,0.227979274611399,2.5205533075791595,86.08280896903864,86.74245699859928,13.198668269266605,22.262991213324927,60.77548046416348,142.37772099187896,304.88000169002544,7524.253846153845,120.11472977855404,60.05736488927702,0.8920498338760482,1.245005360432146,0.2729943724981614,real
Oa1787,87.49999999999999,66.56463615517346,341.3106699413428,0.0,0.2971428571428572,3.164857083169546,84.75405595014314,85.302631618485,11.982853109277135,18.279087292586947,66.56463615517346,117.27063417613317,341.3106699413428,7276.538961038957,98.99154688354622,49.49577344177311,0.9686177822873503,0.7410393618380396,0.2331475437722041,real
Oa2015,93.75,44.39145020208809,433.6968074752834,3.367329638269449,0.28088888888888885,3.1076656494119828,101.15767395506877,101.8040554453908,23.029591995387385,29.843449798231248,44.39145020208809,116.23090445407466,430.32947783701394,10364.065705128203,86.38745465584341,43.19372732792171,1.0790151888540669,1.4638103428466192,0.18996164919817354,real
bOaU70i,123.75000000000003,65.48074590344235,510.33962033768927,2.25,0.21279461279461273,2.667848680066678,123.2147515519144,124.00207426925131,20.29351181016346,34.91769665323883,65.48074590344235,177.21402571497092,508.08962033768927,15376.514423076918,142.29632906173208,71.14816453086604,0.9956747600154697,1.418724301172825,0.25514587216734885,real
bOaU95i2,86.24999999999999,49.843057761175004,316.39827677598555,0.005938088326895975,0.28212560386473434,2.990742294657893,84.66699475002052,85.25293250088234,15.760387115091447,25.977633082947076,49.843057761175004,110.34636020742754,316.39233868765865,7268.062500000001,84.36872712448046,42.18436356224023,0.981646315942267,1.290004765599035,0.19124305529486393,real
Oa1758,87.5,58.79199002275806,548.5855115137267,2.0255670098682494,0.26666666666666666,2.8984827129795363,108.98279680756958,109.76968642558387,9.018752715960705,22.58795596307036,58.79199002275806,107.9118242493784,546.5599445038584,12049.384057971012,85.32386828630804,42.66193414315402,1.2455176778007953,0.7902534386577968,0.23722564937053436,real
Oa1765,103.75000000000001,92.29196891681931,403.1377998474827,4.740664535485158,0.22811244979919676,2.5482884215839707,91.06247855181627,91.71061825110546,29.370813168838904,47.59735643835127,92.29196891681931,120.70038720729696,398.39713531199754,8410.837499999998,73.10303076894569,36.55151538447284,0.8777106366440122,0.3774781204750823,0.21854711429600995,real
Oa1797,89.25,57.32296909692078,433.00000000000006,0.3477467592278425,0.25770308123249297,2.775790741416673,91.78371315217098,92.45613029654533,13.49583031590305,27.108476666110597,57.32296909692078,124.08833899599264,432.6522532407722,8548.136029411768,96.97986232988205,48.48993116494103,1.0283889428814674,1.0435521664986391,0.22709120890333742,real
Oa1850a,126.7500000000001,87.17878689082598,520.5478101894278,1.160559952424178,0.23931623931623913,3.0766975929026628,122.50561211634347,123.18431876212529,11.88263097322455,31.000011773818756,87.17878689082598,186.7901886055642,519.3872502370036,15174.376388888892,155.79017683174544,77.89508841587272,0.9665137050599083,0.969046538168228,0.28104650367383394,real
Oa1900,91.25000000000001,44.46124157706246,440.80924903870175,1.0767822977595658,0.28127853881278536,3.1292779814051017,102.82387854968317,103.49814071556523,11.599149512722647,24.82460346689154,44.46124157706246,119.0051290837773,439.7324667409422,10711.865131578941,94.18052561688577,47.09026280844289,1.1268370252020072,1.3651136024886428,0.19863846798936288,real
Oa2049,112.99999999999996,99.23786389854327,417.1403984084517,7.000000000000001,0.2477876106194691,2.853871476008011,92.35258523723088,92.90726040597998,30.173809243671805,46.636839747829505,99.23786389854327,160.10609413828684,410.1403984084517,8631.759036144576,113.46925439045734,56.73462719522867,0.8172795153737249,0.4470520039944256,0.32001568128940133,real
Oa2051,80.25000000000001,56.25,313.0769157144209,2.191937274680107,0.33644859813084105,3.406836677142577,77.34985455707074,77.83178977769944,10.226006493018051,25.83567294523234,56.25,118.42861337167203,310.8849784397408,6057.7874999999985,92.5929404264397,46.29647021321985,0.9638611159759592,0.9308356222813136,0.2293576451728728,real
Oa2054,117.25,81.57860947485914,437.46032242527554,3.717730456541174,0.24164889836531628,2.9500545487799084,111.58516926545391,112.24740160318487,15.356050635635777,31.523909072804496,81.57860947485914,166.48529157249604,433.74259196873436,12599.479166666668,134.96138249969155,67.48069124984578,0.9516858785966219,0.9590357955262208,0.2535788495128443,real
Oa2111,91.74999999999996,60.81771446304677,482.2688781551244,7.081841593147521,0.2870118074477749,2.9771627015479285,84.0409126556822,84.57792075646682,30.39700940672246,34.705192997410585,60.81771446304677,121.0354362045813,475.18703656197687,7153.424679487181,86.33024320717072,43.16512160358536,0.9159772496532125,1.1041866833485101,0.3013834494037478,real
Oa2116,120.24999999999999,73.4609151147648,487.50888770853936,2.2856328802496746,0.24670824670824676,3.0576682761383203,119.8811911852731,120.5604101685126,25.90010472419314,28.220183683479497,73.4609151147648,154.357699427933,485.22325482828967,14534.812499999998,126.13751574445351,63.068757872226755,0.996932982829714,1.170886385661382,0.20145581095548645,real
Oa2340,88.75000000000001,54.39942273703894,432.52508075602236,1.5842632857040708,0.31173708920187787,3.3562398093830343,90.91273288159366,91.46539896221452,13.062851107164727,19.072829975298184,54.39942273703894,140.9697421578216,430.9408174703183,8365.919207317073,121.89691218252341,60.948456091261704,1.024368821201055,1.1335236387965546,0.33787901294767075,real
Oa2872,128.49999999999997,93.90064054647537,529.0,2.33045667742659,0.2334630350194553,2.8757010302870545,105.48104095049497,106.07197577562049,51.37986420137954,60.99999999999999,93.90064054647537,170.5066100400642,526.6695433225734,11251.264044943819,109.5066100400642,54.7533050200321,0.8208641319104669,0.9840448807221097,0.2180986804942892,real
Oa3060,117.74999999999999,82.576112363689,752.6586686406605,3.474165620020838,0.24628450106157115,3.064241362805084,137.47863470372405,138.27561897285284,18.557966339188894,28.12992531074331,82.576112363689,158.17396497658757,749.1845030206397,19120.146802325584,130.04403966584425,65.02201983292213,1.1675467915390578,0.7675495405983584,0.24938474879733075,real
bOaU88i,58.499999999999986,37.14413651703998,315.87148278455305,1.6799027122012693,0.33048433048433057,2.902713040759648,73.70379908797102,74.34751261191558,11.22658330664854,14.463547401510732,37.14413651703998,59.7067520613436,314.19158007235177,5527.552631578947,45.24320465983287,22.621602329916435,1.2598940015037785,0.8692576399272245,0.2071893532363647,real
bOaCD65,111.75000000000003,70.37324438575475,327.7227733419037,1.7526771428070154,0.23564504101416847,2.8269883876047888,99.74906014594822,100.38644081747293,12.75663799077199,29.74138482424081,70.37324438575475,182.18935454841073,325.9700961990967,10077.437499999996,152.44796972416992,76.22398486208496,0.892609039337344,1.2444254277796118,0.30559941917950784,real
bOaR38B,105.5,75.5208855668064,380.16316343688516,0.002410505402507663,0.24644549763033174,2.8641701483557447,98.29165783524053,98.92785643700554,15.801607043396293,25.59789923399507,75.5208855668064,181.79638247633122,380.16075293148265,9786.72077922078,156.19848324233615,78.09924162116808,0.9316744818506211,0.9150048465998663,0.37977898413068834,real
bOaCD6,103.25000000000001,86.29957867306295,299.53712455968696,0.4506186895577461,0.2227602905569007,2.541415786387568,87.6085041534211,88.25033327715772,17.84380311635938,28.675886177201473,86.29957867306295,150.92227803508808,299.0865058701292,7788.121323529412,122.24639185788661,61.123195928943304,0.8485085148031097,0.5804375325454687,0.248523233327126,real
bOaCD5,109.49999999999997,94.58700807426764,352.88674892479423,0.9999999999999978,0.21308980213089806,2.4136156981268138,80.48136430255143,81.0624647318708,34.27272076633303,41.96753943121353,94.58700807426764,150.28409846430606,351.88674892479423,6571.123188405797,108.31655903309252,54.15827951654626,0.7349896283338032,0.5558923629700282,0.29396225795720193,real
bOa2049i1,117.0,95.78482752172211,618.0788966292992,9.400593423653369,0.23931623931623933,2.8785410930647126,120.65239326262865,121.37703877656875,19.662987326769937,43.7808383456019,95.78482752172211,138.89546987272942,608.6783032056458,14732.385542168675,95.11463152712753,47.557315763563764,1.0312170364327236,0.5275114377241905,0.21508494055783403,real
bOa2049i2,116.99999999999997,110.28334277395516,503.46970638928485,3.6072324597897585,0.23931623931623938,2.799950756401927,91.27431182978043,91.82251082374027,37.61062448311726,47.360866401708435,110.28334277395516,152.26748081135892,499.8624739294951,8431.373493975902,104.90661440965049,52.453307204825244,0.7801223233314568,0.2207627893783806,0.24971223065729037,real
Oa1747,112.49999999999997,71.54624780686811,346.83596873459805,0.24533421486968648,0.21925925925925932,2.579303442337563,93.7776625855006,94.41779058038898,22.014609410334252,50.32163814701201,71.54624780686811,150.38226668601317,346.5906345197284,8914.71917808219,100.06062853900116,50.03031426950058,0.8335792229822278,1.310133492262919,0.2299456290437655,real
Oa1759,92.75000000000001,76.09631564524176,384.8627683174607,1.4091011168470393,0.2695417789757412,2.8187777624759964,74.03124340438973,74.5297759288192,35.67376207875075,49.02271340970664,76.09631564524176,114.07496933973907,383.45366720061367,5554.687499999999,65.05225593003243,32.526127965016215,0.7981805218802126,0.6748644324581518,0.1949243595029733,real
Oa1767,109.24999999999996,69.12476777487826,489.00000000000006,5.494773478544669,0.2837528604118994,3.3464538443343916,114.55020733285471,115.17108021283514,20.01255853767347,34.72437421490052,69.12476777487826,145.8638168567123,483.50522652145537,13264.377717391306,111.13944264181178,55.56972132090589,1.0485144835959246,1.0508553365214166,0.19923830338582513,real
Oa1782,101.99999999999999,72.38172740519127,326.1104409170621,0.5124362164525317,0.2614379084967321,2.989514484336103,90.38805230781334,90.95832958843839,11.277493229087126,30.46794467684987,72.38172740519127,147.02896196295399,325.5980047006095,8273.417721518987,116.56101728610412,58.28050864305206,0.8861573755667975,0.983037199228878,0.2363588436187844,real
Oa1829,91.49999999999999,60.43427131809512,688.8200265566351,3.0908432213679102,0.2841530054644809,3.061629348481282,113.26627918317082,113.99940191230668,14.738956533253049,36.574489481598654,60.43427131809512,101.44519700628436,685.7291833352672,12995.863636363634,64.87070752468571,32.43535376234286,1.23788283260296,0.822814934134094,0.18113612005247903,real
Oa1850b,114.0,67.18495056707201,484.0,0.9056991634175209,0.23391812865497078,2.7677790209354596,106.00943354249186,106.67826941114559,23.358286463106342,44.849610457777565,67.18495056707201,175.02631123499282,483.0943008365825,11380.253164556962,130.17670077721525,65.08835038860762,0.9299073117762444,1.3248363245190742,0.26320808120030026,real
Oa1904,126.24999999999999,84.8236208247303,733.9129334125533,1.8612424441970372,0.234983498349835,3.022469584665379,145.73434735847277,146.5600443194157,25.7790017942635,31.512286162939258,84.8236208247303,144.7414799812592,732.0516909683563,21479.846590909096,113.22919381831994,56.61459690915997,1.1543314642255271,0.8527786330295297,0.20331531562789568,real
Oa2095,96.49999999999997,62.41484568689038,450.090410416284,5.273775911928843,0.2556131260794474,2.8067878700471494,93.36085903632205,93.99814192276091,17.100640778079615,32.216618856558945,62.41484568689038,131.18537140482928,444.81663450435514,8835.650684931503,98.96875254827034,49.48437627413517,0.9674700418271718,1.0952712303080487,0.25130526668317055,real
Oa2109,86.75000000000001,64.13077324869036,326.12867971110404,4.029876683361219,0.25744476464937555,2.649193089815771,76.55145328470257,77.12920829833062,18.08219586734679,23.433890807363394,64.13077324869036,106.61832270947795,322.0988030277428,5948.914772727273,83.18443190211455,41.59221595105728,0.8824375018409517,0.8864322928208744,0.2570616109313851,real
Oa2137,90.99999999999999,53.114590254297525,384.37042865755706,0.0,0.2197802197802198,2.480044355886094,102.10288928331069,102.96453231697912,5.257584186667137,16.335857912485302,53.114590254297525,117.74311573999165,384.37042865755706,10601.694915254237,101.40725782750636,50.70362891375318,1.1220097723440736,1.1131538983362066,0.22658337692823072,real
Oa2712,84.5,67.74572818411117,308.737704784411,0.3540491058902135,0.22879684418145954,2.399869370422591,78.16808811785025,78.85079180592325,7.243319965394171,22.435087728602674,67.74572818411117,105.12965744972104,308.38365567852077,6217.447368421054,82.69456972111837,41.347284860559185,0.9250661315721923,0.6430094001005585,0.21863386207297955,real
Oa2939,105.24999999999997,88.92132020908319,519.7848213619518,1.1920453671743543,0.2438638163103722,2.807183557537599,98.80156881345557,99.44945489517458,13.815477671679115,37.780778892006836,88.92132020908319,147.90686574910697,518.5927759947774,9890.194078947365,110.12608685710013,55.06304342855007,0.9387322452584855,0.4958022424243029,0.2949465922674844,real
bOa,103.74999999999997,67.69785608336731,452.17885947648546,2.2131910881546832,0.2538152610441768,2.9155637679701623,104.38809798056481,105.05512136798009,18.35962676105508,37.08454205567672,67.69785608336731,126.0614918421807,449.96566838833076,11036.578525641027,88.97694978650398,44.48847489325199,1.0061503419813478,1.0360992665086661,0.18372538728333862,real
bOaCD62i,118.0,90.47739341352138,577.2046804407393,7.319421547245259,0.2485875706214689,3.0929627104283126,123.71741995369932,124.42640810729351,12.529207209211913,19.01489398341463,90.47739341352138,168.00371156180458,569.885258893494,15481.931034482757,148.98881757838996,74.49440878919498,1.0484527114720281,0.6673904110701345,0.2899863470897355,real
