nameseq,AB.1,AD.1,ASSD.1,MAXD.1,MIND.1,AS.1,APL.1,TALU.1,TU.1,NE.1,MOT3.1,MOT4.1,AB.2,AD.2,ASSD.2,MAXD.2,MIND.2,AS.2,APL.2,TALU.2,TU.2,NE.2,MOT3.2,MOT4.2,AB.3,AD.3,ASSD.3,MAXD.3,MIND.3,AS.3,APL.3,TALU.3,TU.3,NE.3,MOT3.3,MOT4.3,AB.4,AD.4,ASSD.4,MAXD.4,MIND.4,AS.4,APL.4,TALU.4,TU.4,NE.4,MOT3.4,MOT4.4,AB.5,AD.5,ASSD.5,MAXD.5,MIND.5,AS.5,APL.5,TALU.5,TU.5,NE.5,MOT3.5,MOT4.5,AB.6,AD.6,ASSD.6,MAXD.6,MIND.6,AS.6,APL.6,TALU.6,TU.6,NE.6,MOT3.6,MOT4.6,AB.7,AD.7,ASSD.7,MAXD.7,MIND.7,AS.7,APL.7,TALU.7,TU.7,NE.7,MOT3.7,MOT4.7,AB.8,AD.8,ASSD.8,MAXD.8,MIND.8,AS.8,APL.8,TALU.8,TU.8,NE.8,MOT3.8,MOT4.8,AB.9,AD.9,ASSD.9,MAXD.9,MIND.9,AS.9,APL.9,TALU.9,TU.9,NE.9,MOT3.9,MOT4.9,AB.10,AD.10,ASSD.10,MAXD.10,MIND.10,AS.10,APL.10,TALU.10,TU.10,NE.10,MOT3.10,MOT4.10,label
Oa1877,66.91071428571426,4.678571428571432,0.4633734939759035,17.0,0.0,3.2738528135666027,1.7976931348623157e+308,0.02731601731601732,0.03858520900321544,128.0,303.0,1167.0,10.678571428571427,2.0000000000000004,0.54790737199915,14.0,0.0,3.070597894314954,1.7976931348623157e+308,0.0,0.0,128.0,29.0,44.0,0.1785714285714286,0.7857142857142856,0.8658536585365854,12.0,0.0,2.20967261403686,1.7976931348623157e+308,0.0,0.0,128.0,3.0,2.0,0.0,0.3571428571428572,1.0,12.0,0.0,1.7364636830204596,1.7976931348623157e+308,0.0,0.0,128.0,0.0,0.0,0.0,0.21428571428571433,0.0,12.0,0.0,1.5891853900919275,1.7976931348623157e+308,0.0,0.0,128.0,0.0,0.0,0.0,0.21428571428571433,0.0,12.0,0.0,1.5891853900919275,1.7976931348623157e+308,0.0,0.0,128.0,0.0,0.0,0.0,0.0,0.0,0.0,0.0,0.0,0.0,0.0,0.0,0.0,0.0,0.0,0.0,0.0,0.0,0.0,0.0,0.0,0.0,0.0,0.0,0.0,0.0,0.0,0.0,0.0,0.0,0.0,0.0,0.0,0.0,0.0,0.0,0.0,0.0,0.0,0.0,0.0,0.0,0.0,0.0,0.0,0.0,0.0,0.0,0.0,0.0,0.0,real
Oa1953,61.37037037037037,5.148148148148149,0.26234333595932074,11.0,2.0,2.6764224837243953,3.315863032844165,0.08932980599647268,0.09740259740259741,136.0,288.0,1014.0,12.277777777777775,2.6296296296296298,0.07189542483660251,10.0,0.0,2.907820211317114,1.7976931348623157e+308,0.0,0.0,136.0,40.0,60.0,0.018518518518518517,0.48148148148148134,-0.09638554216867394,7.0,0.0,1.343582010904967,1.7976931348623157e+308,0.0,0.0,136.0,1.0,0.0,0.0,0.14814814814814822,0.0,4.0,0.0,0.7554102983100421,1.7976931348623157e+308,0.0,0.0,136.0,0.0,0.0,0.0,0.0,0.0,0.0,0.0,0.0,0.0,0.0,0.0,0.0,0.0,0.0,0.0,0.0,0.0,0.0,0.0,0.0,0.0,0.0,0.0,0.0,0.0,0.0,0.0,0.0,0.0,0.0,0.0,0.0,0.0,0.0,0.0,0.0,0.0,0.0,0.0,0.0,0.0,0.0,0.0,0.0,0.0,0.0,0.0,0.0,0.0,0.0,0.0,0.0,0.0,0.0,0.0,0.0,0.0,0.0,0.0,0.0,0.0,0.0,0.0,0.0,0.0,0.0,0.0,0.0,0.0,0.0,0.0,0.0,0.0,0.0,real
Oa1973,58.964912280701725,5.403508771929826,-0.01133270022158954,12.0,1.0,2.8706601057780263,3.105889724310777,0.05952380952380952,0.04568527918781726,152.0,382.0,1593.0,21.842105263157894,2.6666666666666674,0.10282201732327349,9.0,0.0,2.6313450188424805,1.7976931348623157e+308,0.0,0.0,152.0,40.0,61.0,0.0,0.6315789473684211,1.0,6.0,0.0,1.4585691011106334,1.7976931348623157e+308,0.0,0.0,152.0,0.0,0.0,0.0,0.21052631578947373,0.0,6.0,0.0,1.1040093138633178,1.7976931348623157e+308,0.0,0.0,152.0,0.0,0.0,0.0,0.21052631578947373,0.0,6.0,0.0,1.1040093138633178,1.7976931348623157e+308,0.0,0.0,152.0,0.0,0.0,0.0,0.21052631578947373,0.0,6.0,0.0,1.1040093138633178,1.7976931348623157e+308,0.0,0.0,152.0,0.0,0.0,0.0,0.0,0.0,0.0,0.0,0.0,0.0,0.0,0.0,0.0,0.0,0.0,0.0,0.0,0.0,0.0,0.0,0.0,0.0,0.0,0.0,0.0,0.0,0.0,0.0,0.0,0.0,0.0,0.0,0.0,0.0,0.0,0.0,0.0,0.0,0.0,0.0,0.0,0.0,0.0,0.0,0.0,0.0,0.0,0.0,0.0,0.0,0.0,real
Oa2055,49.872340425531924,5.787234042553194,0.46257583396888563,21.0,0.0,4.443193073669535,1.7976931348623157e+308,0.051640211640211646,0.0933852140077821,128.0,241.0,877.0,13.212765957446807,3.4468085106382977,0.30983733539891556,20.0,0.0,4.59328145177788,1.7976931348623157e+308,0.03333333333333333,0.06976744186046512,128.0,41.0,80.0,2.1914893617021276,1.9148936170212767,0.4149913009858876,16.0,0.0,3.763372114146265,1.7976931348623157e+308,0.0,0.0,128.0,13.0,20.0,0.021276595744680864,1.0212765957446808,0.8928571428571426,16.0,0.0,2.9135732372125425,1.7976931348623157e+308,0.0,0.0,128.0,1.0,0.0,0.0,0.34042553191489383,0.0,16.0,0.0,2.308878292127751,1.7976931348623157e+308,0.0,0.0,128.0,0.0,0.0,0.0,0.34042553191489383,0.0,16.0,0.0,2.308878292127751,1.7976931348623157e+308,0.0,0.0,128.0,0.0,0.0,0.0,0.34042553191489383,0.0,16.0,0.0,2.308878292127751,1.7976931348623157e+308,0.0,0.0,128.0,0.0,0.0,0.0,0.34042553191489383,0.0,16.0,0.0,2.308878292127751,1.7976931348623157e+308,0.0,0.0,128.0,0.0,0.0,0.0,0.0,0.0,0.0,0.0,0.0,0.0,0.0,0.0,0.0,0.0,0.0,0.0,0.0,0.0,0.0,0.0,0.0,0.0,0.0,0.0,0.0,0.0,0.0,real
Oa2102,66.33333333333333,4.666666666666669,0.160243169655432,12.0,2.0,2.4873951240050256,3.369047619047619,0.014285714285714284,0.030201342281879196,131.0,292.0,1068.0,3.6140350877192997,2.2105263157894735,-0.05776777098745553,8.0,0.0,2.245751092308701,1.7976931348623157e+308,0.0,0.0,131.0,28.0,30.0,0.0,0.2456140350877194,1.0,4.0,0.0,0.9038067980625445,1.7976931348623157e+308,0.0,0.0,131.0,0.0,0.0,0.0,0.14035087719298245,0.0,4.0,0.0,0.7360062092422116,1.7976931348623157e+308,0.0,0.0,131.0,0.0,0.0,0.0,0.0,0.0,0.0,0.0,0.0,0.0,0.0,0.0,0.0,0.0,0.0,0.0,0.0,0.0,0.0,0.0,0.0,0.0,0.0,0.0,0.0,0.0,0.0,0.0,0.0,0.0,0.0,0.0,0.0,0.0,0.0,0.0,0.0,0.0,0.0,0.0,0.0,0.0,0.0,0.0,0.0,0.0,0.0,0.0,0.0,0.0,0.0,0.0,0.0,0.0,0.0,0.0,0.0,0.0,0.0,0.0,0.0,0.0,0.0,0.0,0.0,0.0,0.0,0.0,0.0,0.0,0.0,0.0,0.0,0.0,0.0,real
Oa2133,61.45454545454545,5.01818181818182,0.23969355176550525,12.0,1.0,2.8315810494614877,3.276094276094276,0.07645502645502646,0.06461538461538462,138.0,311.0,1158.0,13.418181818181814,2.436363636363636,-0.027028490954392987,11.0,0.0,2.8010623722479187,1.7976931348623157e+308,0.08431372549019608,0.075,138.0,38.0,61.0,0.20000000000000004,0.909090909090909,-0.12499999999999722,6.0,0.0,1.8317674254190808,1.7976931348623157e+308,0.0,0.0,138.0,4.0,2.0,0.0,0.14545454545454545,0.0,4.0,0.0,0.748773101162691,1.7976931348623157e+308,0.0,0.0,138.0,0.0,0.0,0.0,0.0,0.0,0.0,0.0,0.0,0.0,0.0,0.0,0.0,0.0,0.0,0.0,0.0,0.0,0.0,0.0,0.0,0.0,0.0,0.0,0.0,0.0,0.0,0.0,0.0,0.0,0.0,0.0,0.0,0.0,0.0,0.0,0.0,0.0,0.0,0.0,0.0,0.0,0.0,0.0,0.0,0.0,0.0,0.0,0.0,0.0,0.0,0.0,0.0,0.0,0.0,0.0,0.0,0.0,0.0,0.0,0.0,0.0,0.0,0.0,0.0,0.0,0.0,0.0,0.0,0.0,0.0,0.0,0.0,0.0,0.0,real
bOaHACA33,58.98214285714283,4.75,0.15518408229561476,12.0,2.0,2.277608394786075,3.144805194805195,0.05420918367346939,0.04424778761061947,132.0,329.0,1304.0,16.80357142857143,1.8928571428571437,0.08361678004535189,8.0,0.0,2.2414804692161723,1.7976931348623157e+308,0.0,0.0,132.0,25.0,32.0,0.0,0.3928571428571428,1.0,4.0,0.0,1.1445300256401476,1.7976931348623157e+308,0.0,0.0,132.0,0.0,0.0,0.0,0.2857142857142857,0.0,4.0,0.0,1.0301575072754254,1.7976931348623157e+308,0.0,0.0,132.0,0.0,0.0,0.0,0.0,0.0,0.0,0.0,0.0,0.0,0.0,0.0,0.0,0.0,0.0,0.0,0.0,0.0,0.0,0.0,0.0,0.0,0.0,0.0,0.0,0.0,0.0,0.0,0.0,0.0,0.0,0.0,0.0,0.0,0.0,0.0,0.0,0.0,0.0,0.0,0.0,0.0,0.0,0.0,0.0,0.0,0.0,0.0,0.0,0.0,0.0,0.0,0.0,0.0,0.0,0.0,0.0,0.0,0.0,0.0,0.0,0.0,0.0,0.0,0.0,0.0,0.0,0.0,0.0,0.0,0.0,0.0,0.0,0.0,0.0,real
bOaHACA62i,62.18965517241376,5.551724137931032,0.2742501574033133,16.0,2.0,3.7470559192292754,3.1820931639443435,0.05545977011494253,0.058394160583941604,158.0,395.0,1715.0,13.327586206896552,2.7241379310344835,0.07029748692815259,14.0,0.0,3.836274699129603,1.7976931348623157e+308,0.0,0.0,158.0,59.0,134.0,2.5344827586206895,1.413793103448276,0.5230383211678828,12.0,0.0,2.7918260169498303,1.7976931348623157e+308,0.0,0.0,158.0,10.0,10.0,0.0,0.48275862068965525,1.0,12.0,0.0,1.8311611099795522,1.7976931348623157e+308,0.0,0.0,158.0,0.0,0.0,0.0,0.20689655172413796,0.0,12.0,0.0,1.5620347107456722,1.7976931348623157e+308,0.0,0.0,158.0,0.0,0.0,0.0,0.20689655172413796,0.0,12.0,0.0,1.5620347107456722,1.7976931348623157e+308,0.0,0.0,158.0,0.0,0.0,0.0,0.0,0.0,0.0,0.0,0.0,0.0,0.0,0.0,0.0,0.0,0.0,0.0,0.0,0.0,0.0,0.0,0.0,0.0,0.0,0.0,0.0,0.0,0.0,0.0,0.0,0.0,0.0,0.0,0.0,0.0,0.0,0.0,0.0,0.0,0.0,0.0,0.0,0.0,0.0,0.0,0.0,0.0,0.0,0.0,0.0,0.0,0.0,real
bOaHACA70,56.018518518518526,5.148148148148148,0.3339814145062681,14.0,2.0,2.952760211554778,3.113906359189378,0.0441358024691358,0.06685236768802229,136.0,343.0,1384.0,8.277777777777779,2.3333333333333335,0.3536615659777425,12.0,0.0,2.918650119236377,1.7976931348623157e+308,0.0,0.0,136.0,28.0,34.0,0.07407407407407411,0.6296296296296295,0.5021691973969635,8.0,0.0,1.745855370280396,1.7976931348623157e+308,0.0,0.0,136.0,2.0,1.0,0.0,0.2962962962962962,1.0,8.0,0.0,1.299994724058092,1.7976931348623157e+308,0.0,0.0,136.0,0.0,0.0,0.0,0.0,0.0,0.0,0.0,0.0,0.0,0.0,0.0,0.0,0.0,0.0,0.0,0.0,0.0,0.0,0.0,0.0,0.0,0.0,0.0,0.0,0.0,0.0,0.0,0.0,0.0,0.0,0.0,0.0,0.0,0.0,0.0,0.0,0.0,0.0,0.0,0.0,0.0,0.0,0.0,0.0,0.0,0.0,0.0,0.0,0.0,0.0,0.0,0.0,0.0,0.0,0.0,0.0,0.0,0.0,0.0,0.0,0.0,0.0,0.0,0.0,0.0,0.0,0.0,0.0,0.0,0.0,0.0,0.0,0.0,0.0,real
Oa1858,60.23214285714284,4.785714285714287,0.2028340373671546,12.0,2.0,2.201576429631777,3.1902597402597404,0.06194727891156462,0.05421686746987952,133.0,320.0,1226.0,9.928571428571429,1.8928571428571426,0.14054054054054033,8.0,0.0,2.2414804692161723,1.7976931348623157e+308,0.0,0.0,133.0,23.0,32.0,0.0,0.607142857142857,1.0,4.0,0.0,1.318529638712481,1.7976931348623157e+308,0.0,0.0,133.0,0.0,0.0,0.0,0.2857142857142857,0.0,4.0,0.0,1.0301575072754254,1.7976931348623157e+308,0.0,0.0,133.0,0.0,0.0,0.0,0.0,0.0,0.0,0.0,0.0,0.0,0.0,0.0,0.0,0.0,0.0,0.0,0.0,0.0,0.0,0.0,0.0,0.0,0.0,0.0,0.0,0.0,0.0,0.0,0.0,0.0,0.0,0.0,0.0,0.0,0.0,0.0,0.0,0.0,0.0,0.0,0.0,0.0,0.0,0.0,0.0,0.0,0.0,0.0,0.0,0.0,0.0,0.0,0.0,0.0,0.0,0.0,0.0,0.0,0.0,0.0,0.0,0.0,0.0,0.0,0.0,0.0,0.0,0.0,0.0,0.0,0.0,0.0,0.0,0.0,0.0,real
Oa1968,60.381818181818204,5.0909090909090935,0.2889786493118846,16.0,1.0,3.1233590733097674,3.2363636363636363,0.125,0.10060975609756098,136.0,306.0,1152.0,23.61818181818181,2.6181818181818173,0.4919273541883348,14.0,0.0,3.089518403722844,1.7976931348623157e+308,0.06825396825396826,0.0625,136.0,46.0,87.0,0.01818181818181818,0.43636363636363645,0.8518518518518519,12.0,0.0,1.8465066414339009,1.7976931348623157e+308,0.0,0.0,136.0,1.0,0.0,0.0,0.21818181818181823,0.0,12.0,0.0,1.6033023770944432,1.7976931348623157e+308,0.0,0.0,136.0,0.0,0.0,0.0,0.21818181818181823,0.0,12.0,0.0,1.6033023770944432,1.7976931348623157e+308,0.0,0.0,136.0,0.0,0.0,0.0,0.21818181818181823,0.0,12.0,0.0,1.6033023770944432,1.7976931348623157e+308,0.0,0.0,136.0,0.0,0.0,0.0,0.0,0.0,0.0,0.0,0.0,0.0,0.0,0.0,0.0,0.0,0.0,0.0,0.0,0.0,0.0,0.0,0.0,0.0,0.0,0.0,0.0,0.0,0.0,0.0,0.0,0.0,0.0,0.0,0.0,0.0,0.0,0.0,0.0,0.0,0.0,0.0,0.0,0.0,0.0,0.0,0.0,0.0,0.0,0.0,0.0,0.0,0.0,real
Oa2161,63.29824561403506,4.807017543859652,0.5455152600715595,21.0,0.0,3.5463774276494227,1.7976931348623157e+308,0.04549319727891157,0.07317073170731707,133.0,312.0,1188.0,4.8245614035087705,2.1754385964912273,0.5305536864737773,20.0,0.0,3.4137123231427946,1.7976931348623157e+308,0.0,0.0,133.0,31.0,48.0,0.017543859649122816,0.5614035087719299,0.17826980141520202,18.0,0.0,2.4992458080610023,1.7976931348623157e+308,0.0,0.0,133.0,1.0,0.0,0.0,0.3508771929824562,1.0,12.0,0.0,1.721802687211972,1.7976931348623157e+308,0.0,0.0,133.0,0.0,0.0,0.0,0.21052631578947373,0.0,12.0,0.0,1.5754346891679756,1.7976931348623157e+308,0.0,0.0,133.0,0.0,0.0,0.0,0.21052631578947373,0.0,12.0,0.0,1.5754346891679756,1.7976931348623157e+308,0.0,0.0,133.0,0.0,0.0,0.0,0.0,0.0,0.0,0.0,0.0,0.0,0.0,0.0,0.0,0.0,0.0,0.0,0.0,0.0,0.0,0.0,0.0,0.0,0.0,0.0,0.0,0.0,0.0,0.0,0.0,0.0,0.0,0.0,0.0,0.0,0.0,0.0,0.0,0.0,0.0,0.0,0.0,0.0,0.0,0.0,0.0,0.0,0.0,0.0,0.0,0.0,0.0,real
Oa1744,55.91803278688525,8.163934426229508,0.2557503503342463,20.0,2.0,4.277966147172722,2.863934426229508,0.07801587301587302,0.07384615384615385,249.0,618.0,3078.0,40.14754098360655,5.63934426229508,0.11974261556044265,20.0,0.0,4.8078923738167,1.7976931348623157e+308,0.03626373626373627,0.06030150753768844,249.0,191.0,655.0,13.311475409836067,2.62295081967213,-0.07917752004540207,13.0,0.0,3.393165427816939,1.7976931348623157e+308,0.0,0.0,249.0,27.0,37.0,0.01639344262295082,0.9508196721311473,0.036900369003690696,9.0,0.0,1.9284430950278386,1.7976931348623157e+308,0.0,0.0,249.0,1.0,0.0,0.0,0.1639344262295082,0.0,5.0,0.0,0.8903918435410012,1.7976931348623157e+308,0.0,0.0,249.0,0.0,0.0,0.0,0.0,0.0,0.0,0.0,0.0,0.0,0.0,0.0,0.0,0.0,0.0,0.0,0.0,0.0,0.0,0.0,0.0,0.0,0.0,0.0,0.0,0.0,0.0,0.0,0.0,0.0,0.0,0.0,0.0,0.0,0.0,0.0,0.0,0.0,0.0,0.0,0.0,0.0,0.0,0.0,0.0,0.0,0.0,0.0,0.0,0.0,0.0,0.0,0.0,0.0,0.0,0.0,0.0,0.0,0.0,0.0,0.0,0.0,0.0,real
Oa1860,56.519230769230774,5.230769230769232,0.19953513655363786,14.0,2.0,2.784679132291993,3.2164404223227754,0.08235294117647059,0.07570977917981073,135.0,301.0,1122.0,29.53846153846154,2.7692307692307696,-0.019246063305233204,14.0,0.0,2.770832869896596,1.7976931348623157e+308,0.1148148148148148,0.06818181818181818,135.0,42.0,76.0,0.019230769230769235,0.6923076923076925,-0.2,6.0,0.0,1.3941976123378352,1.7976931348623157e+308,0.0,0.0,135.0,1.0,0.0,0.0,0.0,0.0,0.0,0.0,0.0,0.0,0.0,0.0,0.0,0.0,0.0,0.0,0.0,0.0,0.0,0.0,0.0,0.0,0.0,0.0,0.0,0.0,0.0,0.0,0.0,0.0,0.0,0.0,0.0,0.0,0.0,0.0,0.0,0.0,0.0,0.0,0.0,0.0,0.0,0.0,0.0,0.0,0.0,0.0,0.0,0.0,0.0,0.0,0.0,0.0,0.0,0.0,0.0,0.0,0.0,0.0,0.0,0.0,0.0,0.0,0.0,0.0,0.0,0.0,0.0,0.0,0.0,0.0,0.0,0.0,0.0,0.0,0.0,0.0,0.0,0.0,0.0,0.0,0.0,0.0,0.0,0.0,0.0,real
Oa1867,58.7884615384615,5.153846153846155,0.42023770009724576,14.0,1.0,2.9114139796577785,3.3054298642533935,0.09695238095238094,0.06020066889632107,130.0,287.0,1065.0,12.92307692307692,2.538461538461538,0.7395112456747404,12.0,0.0,2.7488566746470213,1.7976931348623157e+308,0.0,0.0,130.0,24.0,32.0,0.09615384615384617,1.0769230769230773,0.813333333333333,12.0,0.0,2.3357271462598423,1.7976931348623157e+308,0.0,0.0,130.0,3.0,1.0,0.0,0.3846153846153847,1.0,12.0,0.0,1.799079317465615,1.7976931348623157e+308,0.0,0.0,130.0,0.0,0.0,0.0,0.23076923076923073,0.0,12.0,0.0,1.6480219450483498,1.7976931348623157e+308,0.0,0.0,130.0,0.0,0.0,0.0,0.23076923076923073,0.0,12.0,0.0,1.6480219450483498,1.7976931348623157e+308,0.0,0.0,130.0,0.0,0.0,0.0,0.0,0.0,0.0,0.0,0.0,0.0,0.0,0.0,0.0,0.0,0.0,0.0,0.0,0.0,0.0,0.0,0.0,0.0,0.0,0.0,0.0,0.0,0.0,0.0,0.0,0.0,0.0,0.0,0.0,0.0,0.0,0.0,0.0,0.0,0.0,0.0,0.0,0.0,0.0,0.0,0.0,0.0,0.0,0.0,0.0,0.0,0.0,real
Oa1870,64.35714285714283,4.857142857142856,0.4953558777975866,14.0,2.0,2.767338661115788,3.3402597402597403,0.12500000000000003,0.0953757225433526,133.0,324.0,1218.0,2.2321428571428577,1.6785714285714286,0.34783599737869314,13.0,0.0,2.8416993335046574,1.7976931348623157e+308,0.0,0.0,133.0,17.0,24.0,0.01785714285714286,0.6785714285714288,0.13302397525135368,11.0,0.0,2.105326093312785,1.7976931348623157e+308,0.0,0.0,133.0,1.0,0.0,0.0,0.3571428571428572,1.0,8.0,0.0,1.5169114701139501,1.7976931348623157e+308,0.0,0.0,133.0,0.0,0.0,0.0,0.21428571428571433,0.0,6.0,0.0,1.1134612334371352,1.7976931348623157e+308,0.0,0.0,133.0,0.0,0.0,0.0,0.21428571428571433,0.0,6.0,0.0,1.1134612334371352,1.7976931348623157e+308,0.0,0.0,133.0,0.0,0.0,0.0,0.0,0.0,0.0,0.0,0.0,0.0,0.0,0.0,0.0,0.0,0.0,0.0,0.0,0.0,0.0,0.0,0.0,0.0,0.0,0.0,0.0,0.0,0.0,0.0,0.0,0.0,0.0,0.0,0.0,0.0,0.0,0.0,0.0,0.0,0.0,0.0,0.0,0.0,0.0,0.0,0.0,0.0,0.0,0.0,0.0,0.0,0.0,real
Oa1949,66.70175438596492,4.561403508771931,0.2133575016457896,10.0,1.0,2.554785972150399,3.382205513784461,0.0723639455782313,0.08695652173913043,129.0,325.0,1250.0,23.333333333333325,1.7543859649122804,-0.272727272727273,8.0,0.0,2.3115325041404358,1.7976931348623157e+308,0.0,0.0,129.0,29.0,38.0,0.0,0.14035087719298245,0.0,4.0,0.0,0.7360062092422116,1.7976931348623157e+308,0.0,0.0,129.0,0.0,0.0,0.0,0.14035087719298245,0.0,4.0,0.0,0.7360062092422116,1.7976931348623157e+308,0.0,0.0,129.0,0.0,0.0,0.0,0.0,0.0,0.0,0.0,0.0,0.0,0.0,0.0,0.0,0.0,0.0,0.0,0.0,0.0,0.0,0.0,0.0,0.0,0.0,0.0,0.0,0.0,0.0,0.0,0.0,0.0,0.0,0.0,0.0,0.0,0.0,0.0,0.0,0.0,0.0,0.0,0.0,0.0,0.0,0.0,0.0,0.0,0.0,0.0,0.0,0.0,0.0,0.0,0.0,0.0,0.0,0.0,0.0,0.0,0.0,0.0,0.0,0.0,0.0,0.0,0.0,0.0,0.0,0.0,0.0,0.0,0.0,0.0,0.0,0.0,0.0,real
Oa1957,56.62745098039214,5.137254901960787,0.3694298237095445,18.0,2.0,3.29003014375092,3.2650980392156863,0.06255835667600373,0.09642857142857143,128.0,262.0,908.0,13.764705882352942,2.745098039215687,0.2728289749685356,16.0,0.0,3.4970191073894825,1.7976931348623157e+308,0.11250000000000002,0.11320754716981132,128.0,49.0,103.0,0.07843137254901959,0.784313725490196,0.6131805157593121,8.0,0.0,1.8397967224690044,1.7976931348623157e+308,0.0,0.0,128.0,2.0,1.0,0.0,0.3137254901960784,1.0,8.0,0.0,1.335638146347169,1.7976931348623157e+308,0.0,0.0,128.0,0.0,0.0,0.0,0.0,0.0,0.0,0.0,0.0,0.0,0.0,0.0,0.0,0.0,0.0,0.0,0.0,0.0,0.0,0.0,0.0,0.0,0.0,0.0,0.0,0.0,0.0,0.0,0.0,0.0,0.0,0.0,0.0,0.0,0.0,0.0,0.0,0.0,0.0,0.0,0.0,0.0,0.0,0.0,0.0,0.0,0.0,0.0,0.0,0.0,0.0,0.0,0.0,0.0,0.0,0.0,0.0,0.0,0.0,0.0,0.0,0.0,0.0,0.0,0.0,0.0,0.0,0.0,0.0,0.0,0.0,0.0,0.0,0.0,0.0,real
Oa1969,63.537037037037,5.074074074074074,0.3276067045747853,14.0,2.0,3.253783278607021,3.397624039133473,0.07037037037037039,0.09183673469387756,134.0,276.0,991.0,20.74074074074075,2.5555555555555562,0.09040596359881302,13.0,0.0,3.258417399692261,1.7976931348623157e+308,0.14444444444444446,0.08108108108108109,134.0,35.0,60.0,0.37037037037037046,0.9999999999999996,-0.03252165386501004,11.0,0.0,2.3882428066894086,1.7976931348623157e+308,0.0,0.0,134.0,7.0,6.0,0.018518518518518517,0.3333333333333332,-0.9756097560975612,9.0,0.0,1.46565621758588,1.7976931348623157e+308,0.0,0.0,134.0,1.0,0.0,0.0,0.18518518518518523,0.0,5.0,0.0,0.9442628728875528,1.7976931348623157e+308,0.0,0.0,134.0,0.0,0.0,0.0,0.0,0.0,0.0,0.0,0.0,0.0,0.0,0.0,0.0,0.0,0.0,0.0,0.0,0.0,0.0,0.0,0.0,0.0,0.0,0.0,0.0,0.0,0.0,0.0,0.0,0.0,0.0,0.0,0.0,0.0,0.0,0.0,0.0,0.0,0.0,0.0,0.0,0.0,0.0,0.0,0.0,0.0,0.0,0.0,0.0,0.0,0.0,0.0,0.0,0.0,0.0,0.0,0.0,0.0,0.0,0.0,0.0,0.0,0.0,real
Oa2002,65.49090909090908,4.9818181818181815,0.26564841498559055,16.0,2.0,3.065888031466186,3.4255892255892255,0.052727272727272734,0.03180212014134275,137.0,277.0,1012.0,30.254545454545447,2.5818181818181807,0.0657289764411802,15.0,0.0,3.1257924615042336,1.7976931348623157e+308,0.0,0.0,137.0,37.0,56.0,0.16363636363636366,1.0545454545454542,0.04656247469430705,13.0,0.0,2.422757120743989,1.7976931348623157e+308,0.0,0.0,137.0,5.0,3.0,0.07272727272727272,0.5090909090909089,-0.40000000000000124,10.0,0.0,1.9152282301474457,1.7976931348623157e+308,0.0,0.0,137.0,2.0,1.0,0.0,0.21818181818181823,0.0,6.0,0.0,1.1231596517440365,1.7976931348623157e+308,0.0,0.0,137.0,0.0,0.0,0.0,0.21818181818181823,0.0,6.0,0.0,1.1231596517440365,1.7976931348623157e+308,0.0,0.0,137.0,0.0,0.0,0.0,0.0,0.0,0.0,0.0,0.0,0.0,0.0,0.0,0.0,0.0,0.0,0.0,0.0,0.0,0.0,0.0,0.0,0.0,0.0,0.0,0.0,0.0,0.0,0.0,0.0,0.0,0.0,0.0,0.0,0.0,0.0,0.0,0.0,0.0,0.0,0.0,0.0,0.0,0.0,0.0,0.0,0.0,0.0,0.0,0.0,0.0,0.0,real
Oa2163,56.70370370370371,5.0,0.22713610991842031,14.0,2.0,2.8284271247461903,3.1397624039133474,0.09263668430335097,0.10985915492957747,134.0,329.0,1266.0,7.555555555555558,2.2222222222222223,0.345754608860801,11.0,0.0,2.692009208796826,1.7976931348623157e+308,0.05555555555555555,0.08571428571428572,134.0,33.0,47.0,0.018518518518518517,0.44444444444444436,-0.3333333333333333,6.0,0.0,1.2120791238484128,1.7976931348623157e+308,0.0,0.0,134.0,1.0,0.0,0.0,0.0,0.0,0.0,0.0,0.0,0.0,0.0,0.0,0.0,0.0,0.0,0.0,0.0,0.0,0.0,0.0,0.0,0.0,0.0,0.0,0.0,0.0,0.0,0.0,0.0,0.0,0.0,0.0,0.0,0.0,0.0,0.0,0.0,0.0,0.0,0.0,0.0,0.0,0.0,0.0,0.0,0.0,0.0,0.0,0.0,0.0,0.0,0.0,0.0,0.0,0.0,0.0,0.0,0.0,0.0,0.0,0.0,0.0,0.0,0.0,0.0,0.0,0.0,0.0,0.0,0.0,0.0,0.0,0.0,0.0,0.0,0.0,0.0,0.0,0.0,0.0,0.0,0.0,0.0,0.0,0.0,0.0,0.0,real
bOaHACA22,72.125,4.821428571428571,0.4491609819250111,18.0,1.0,3.370603712653729,3.6227272727272726,0.02641509433962264,0.05555555555555555,132.0,260.0,891.0,5.6607142857142865,2.5000000000000004,0.4170560376338957,17.0,0.0,3.5906624935876588,1.7976931348623157e+308,0.0,0.0,132.0,40.0,72.0,0.01785714285714286,1.0000000000000004,0.5563380281690138,15.0,0.0,2.5773740789526736,1.7976931348623157e+308,0.0,0.0,132.0,1.0,0.0,0.0,0.5714285714285715,1.0,12.0,0.0,2.025349554108261,1.7976931348623157e+308,0.0,0.0,132.0,0.0,0.0,0.0,0.42857142857142866,1.0,12.0,0.0,1.9166296949998196,1.7976931348623157e+308,0.0,0.0,132.0,0.0,0.0,0.0,0.42857142857142866,1.0,12.0,0.0,1.9166296949998196,1.7976931348623157e+308,0.0,0.0,132.0,0.0,0.0,0.0,0.0,0.0,0.0,0.0,0.0,0.0,0.0,0.0,0.0,0.0,0.0,0.0,0.0,0.0,0.0,0.0,0.0,0.0,0.0,0.0,0.0,0.0,0.0,0.0,0.0,0.0,0.0,0.0,0.0,0.0,0.0,0.0,0.0,0.0,0.0,0.0,0.0,0.0,0.0,0.0,0.0,0.0,0.0,0.0,0.0,0.0,0.0,real
bOaHACA28,53.8235294117647,5.607843137254902,0.8676627023264695,40.0,2.0,5.441591575757488,3.152941176470588,0.028664799253034546,0.041237113402061855,132.0,283.0,1004.0,8.529411764705882,2.745098039215687,0.914860963233672,38.0,0.0,5.62850984094405,1.7976931348623157e+308,0.0,0.0,132.0,25.0,30.0,0.07843137254901959,1.4901960784313728,0.9970379694212204,36.0,0.0,5.214506721992993,1.7976931348623157e+308,0.0,0.0,132.0,2.0,1.0,0.0,1.0196078431372548,1.0,36.0,0.0,5.123916226215239,1.7976931348623157e+308,0.0,0.0,132.0,0.0,0.0,0.0,0.7058823529411764,0.0,36.0,0.0,4.991341984846218,1.7976931348623157e+308,0.0,0.0,132.0,0.0,0.0,0.0,0.7058823529411764,0.0,36.0,0.0,4.991341984846218,1.7976931348623157e+308,0.0,0.0,132.0,0.0,0.0,0.0,0.7058823529411764,0.0,36.0,0.0,4.991341984846218,1.7976931348623157e+308,0.0,0.0,132.0,0.0,0.0,0.0,0.7058823529411764,0.0,36.0,0.0,4.991341984846218,1.7976931348623157e+308,0.0,0.0,132.0,0.0,0.0,0.0,0.7058823529411764,0.0,36.0,0.0,4.991341984846218,1.7976931348623157e+308,0.0,0.0,132.0,0.0,0.0,0.0,0.7058823529411764,0.0,36.0,0.0,4.991341984846218,1.7976931348623157e+308,0.0,0.0,132.0,0.0,0.0,real
bOaHACA36A,56.849056603773576,5.132075471698114,0.3118279569892474,16.0,1.0,2.7679959091000463,3.1865021770682147,0.08663003663003663,0.08206686930091185,133.0,311.0,1174.0,29.415094339622645,2.452830188679245,0.5288214997942453,12.0,0.0,2.559230704987886,1.7976931348623157e+308,0.0,0.0,133.0,30.0,41.0,0.0,0.490566037735849,1.0,8.0,0.0,1.4091699886670068,1.7976931348623157e+308,0.0,0.0,133.0,0.0,0.0,0.0,0.15094339622641512,0.0,8.0,0.0,1.0884683095740344,1.7976931348623157e+308,0.0,0.0,133.0,0.0,0.0,0.0,0.0,0.0,0.0,0.0,0.0,0.0,0.0,0.0,0.0,0.0,0.0,0.0,0.0,0.0,0.0,0.0,0.0,0.0,0.0,0.0,0.0,0.0,0.0,0.0,0.0,0.0,0.0,0.0,0.0,0.0,0.0,0.0,0.0,0.0,0.0,0.0,0.0,0.0,0.0,0.0,0.0,0.0,0.0,0.0,0.0,0.0,0.0,0.0,0.0,0.0,0.0,0.0,0.0,0.0,0.0,0.0,0.0,0.0,0.0,0.0,0.0,0.0,0.0,0.0,0.0,0.0,0.0,0.0,0.0,0.0,0.0,real
bOaHACA56,57.07692307692307,5.03846153846154,0.19346544697671939,14.0,1.0,3.0061573891798665,3.2383107088989442,0.05256769374416434,0.04983388704318937,128.0,291.0,1136.0,7.365384615384612,2.3846153846153837,0.018694525174769522,12.0,0.0,2.8565299427118678,1.7976931348623157e+308,0.0,0.0,128.0,29.0,41.0,0.4615384615384616,1.153846153846154,0.08000000000000114,8.0,0.0,2.364680945990677,1.7976931348623157e+308,0.0,0.0,128.0,6.0,4.0,0.0,0.3461538461538462,1.0,8.0,0.0,1.4396128670933002,1.7976931348623157e+308,0.0,0.0,128.0,0.0,0.0,0.0,0.19230769230769235,0.0,5.0,0.0,0.9615384615384615,1.7976931348623157e+308,0.0,0.0,128.0,0.0,0.0,0.0,0.0,0.0,0.0,0.0,0.0,0.0,0.0,0.0,0.0,0.0,0.0,0.0,0.0,0.0,0.0,0.0,0.0,0.0,0.0,0.0,0.0,0.0,0.0,0.0,0.0,0.0,0.0,0.0,0.0,0.0,0.0,0.0,0.0,0.0,0.0,0.0,0.0,0.0,0.0,0.0,0.0,0.0,0.0,0.0,0.0,0.0,0.0,0.0,0.0,0.0,0.0,0.0,0.0,0.0,0.0,0.0,0.0,0.0,0.0,real
bOa1860i,51.74000000000001,5.3999999999999995,0.21767808032881,12.0,2.0,2.712931993250107,3.1118367346938776,0.09114285714285712,0.10091743119266056,134.0,305.0,1164.0,34.51999999999999,2.8000000000000003,-0.023535610784227726,9.0,0.0,2.6076809620810595,1.7976931348623157e+308,0.0,0.0,134.0,40.0,61.0,0.040000000000000015,0.72,-0.5,6.0,0.0,1.5367498169838838,1.7976931348623157e+308,0.0,0.0,134.0,2.0,0.0,0.0,0.0,0.0,0.0,0.0,0.0,0.0,0.0,0.0,0.0,0.0,0.0,0.0,0.0,0.0,0.0,0.0,0.0,0.0,0.0,0.0,0.0,0.0,0.0,0.0,0.0,0.0,0.0,0.0,0.0,0.0,0.0,0.0,0.0,0.0,0.0,0.0,0.0,0.0,0.0,0.0,0.0,0.0,0.0,0.0,0.0,0.0,0.0,0.0,0.0,0.0,0.0,0.0,0.0,0.0,0.0,0.0,0.0,0.0,0.0,0.0,0.0,0.0,0.0,0.0,0.0,0.0,0.0,0.0,0.0,0.0,0.0,0.0,0.0,0.0,0.0,0.0,0.0,0.0,0.0,0.0,0.0,0.0,0.0,real
bOa1964i1,58.94545454545454,4.9818181818181815,0.17805058150267697,12.0,2.0,2.76662517808847,3.1831649831649833,0.04380952380952381,0.04573170731707317,137.0,318.0,1246.0,25.181818181818183,2.509090909090909,0.0761390887290178,9.0,0.0,2.648311484513909,1.7976931348623157e+308,0.0,0.0,137.0,45.0,80.0,0.01818181818181818,0.5454545454545455,-0.25000000000000094,6.0,0.0,1.2907810435853708,1.7976931348623157e+308,0.0,0.0,137.0,1.0,0.0,0.0,0.0,0.0,0.0,0.0,0.0,0.0,0.0,0.0,0.0,0.0,0.0,0.0,0.0,0.0,0.0,0.0,0.0,0.0,0.0,0.0,0.0,0.0,0.0,0.0,0.0,0.0,0.0,0.0,0.0,0.0,0.0,0.0,0.0,0.0,0.0,0.0,0.0,0.0,0.0,0.0,0.0,0.0,0.0,0.0,0.0,0.0,0.0,0.0,0.0,0.0,0.0,0.0,0.0,0.0,0.0,0.0,0.0,0.0,0.0,0.0,0.0,0.0,0.0,0.0,0.0,0.0,0.0,0.0,0.0,0.0,0.0,0.0,0.0,0.0,0.0,0.0,0.0,0.0,0.0,0.0,0.0,0.0,0.0,real
bOa1964i2,57.019230769230745,5.346153846153848,0.30505808017498554,16.0,1.0,3.3043364013451235,3.23604826546003,0.0749766573295985,0.07547169811320754,137.0,302.0,1165.0,29.192307692307697,2.7692307692307687,0.13479262672811007,14.0,0.0,3.2852548467788645,1.7976931348623157e+308,0.09259259259259259,0.06521739130434782,137.0,44.0,74.0,0.44230769230769246,0.9999999999999999,-0.15258894995661004,14.0,0.0,2.433737233777904,1.7976931348623157e+308,0.0,0.0,137.0,8.0,10.0,0.019230769230769242,0.3076923076923079,-1.0,8.0,0.0,1.3234346564680965,1.7976931348623157e+308,0.0,0.0,137.0,1.0,0.0,0.0,0.0,0.0,0.0,0.0,0.0,0.0,0.0,0.0,0.0,0.0,0.0,0.0,0.0,0.0,0.0,0.0,0.0,0.0,0.0,0.0,0.0,0.0,0.0,0.0,0.0,0.0,0.0,0.0,0.0,0.0,0.0,0.0,0.0,0.0,0.0,0.0,0.0,0.0,0.0,0.0,0.0,0.0,0.0,0.0,0.0,0.0,0.0,0.0,0.0,0.0,0.0,0.0,0.0,0.0,0.0,0.0,0.0,0.0,0.0,0.0,0.0,0.0,0.0,0.0,0.0,0.0,0.0,0.0,0.0,0.0,0.0,real
Oa1809,50.67346938775506,5.714285714285715,0.33613019842986547,16.0,2.0,3.5970509462897633,3.1113945578231292,0.09275793650793651,0.09740259740259741,134.0,288.0,1073.0,17.10204081632653,3.183673469387755,0.2848845581529304,15.0,0.0,3.8580605754163373,1.7976931348623157e+308,0.0803921568627451,0.16071428571428573,134.0,50.0,107.0,0.20408163265306128,0.9795918367346941,0.18654280692945036,11.0,0.0,2.4701466197775925,1.7976931348623157e+308,0.0,0.0,134.0,3.0,2.0,0.0,0.48979591836734687,1.0,8.0,0.0,1.7393694491969403,1.7976931348623157e+308,0.0,0.0,134.0,0.0,0.0,0.0,0.0,0.0,0.0,0.0,0.0,0.0,0.0,0.0,0.0,0.0,0.0,0.0,0.0,0.0,0.0,0.0,0.0,0.0,0.0,0.0,0.0,0.0,0.0,0.0,0.0,0.0,0.0,0.0,0.0,0.0,0.0,0.0,0.0,0.0,0.0,0.0,0.0,0.0,0.0,0.0,0.0,0.0,0.0,0.0,0.0,0.0,0.0,0.0,0.0,0.0,0.0,0.0,0.0,0.0,0.0,0.0,0.0,0.0,0.0,0.0,0.0,0.0,0.0,0.0,0.0,0.0,0.0,0.0,0.0,0.0,0.0,real
Oa1849,79.22580645161284,4.387096774193547,0.2678343210939316,12.0,2.0,2.6049260946093447,3.597567424643046,0.013440860215053762,0.019736842105263157,136.0,300.0,1122.0,29.048387096774206,1.9354838709677415,-0.13962322660671403,9.0,0.0,2.50722161959007,1.7976931348623157e+308,0.0,0.0,136.0,36.0,56.0,0.016129032258064526,0.5806451612903227,-0.2,6.0,0.0,1.3019636174587463,1.7976931348623157e+308,0.0,0.0,136.0,1.0,0.0,0.0,0.0,0.0,0.0,0.0,0.0,0.0,0.0,0.0,0.0,0.0,0.0,0.0,0.0,0.0,0.0,0.0,0.0,0.0,0.0,0.0,0.0,0.0,0.0,0.0,0.0,0.0,0.0,0.0,0.0,0.0,0.0,0.0,0.0,0.0,0.0,0.0,0.0,0.0,0.0,0.0,0.0,0.0,0.0,0.0,0.0,0.0,0.0,0.0,0.0,0.0,0.0,0.0,0.0,0.0,0.0,0.0,0.0,0.0,0.0,0.0,0.0,0.0,0.0,0.0,0.0,0.0,0.0,0.0,0.0,0.0,0.0,0.0,0.0,0.0,0.0,0.0,0.0,0.0,0.0,0.0,0.0,0.0,0.0,real
Oa1964,54.83018867924528,5.2075471698113205,0.3583597911404731,14.0,2.0,3.5732681017550716,3.108853410740203,0.05876010781671157,0.05454545454545454,136.0,318.0,1310.0,9.452830188679242,2.6415094339622653,0.3794224517116082,14.0,0.0,3.545362847665823,1.7976931348623157e+308,0.0,0.0,136.0,44.0,86.0,0.5471698113207545,1.1320754716981138,0.4040907303002492,14.0,0.0,2.691970841813103,1.7976931348623157e+308,0.0,0.0,136.0,6.0,6.0,0.0,0.45283018867924535,1.0,8.0,0.0,1.4866200455541287,1.7976931348623157e+308,0.0,0.0,136.0,0.0,0.0,0.0,0.0,0.0,0.0,0.0,0.0,0.0,0.0,0.0,0.0,0.0,0.0,0.0,0.0,0.0,0.0,0.0,0.0,0.0,0.0,0.0,0.0,0.0,0.0,0.0,0.0,0.0,0.0,0.0,0.0,0.0,0.0,0.0,0.0,0.0,0.0,0.0,0.0,0.0,0.0,0.0,0.0,0.0,0.0,0.0,0.0,0.0,0.0,0.0,0.0,0.0,0.0,0.0,0.0,0.0,0.0,0.0,0.0,0.0,0.0,0.0,0.0,0.0,0.0,0.0,0.0,0.0,0.0,0.0,0.0,0.0,0.0,real
Oa1967,60.15094339622642,4.905660377358491,0.23931446223304662,10.0,1.0,2.4972751259057904,3.3134978229317853,0.026282051282051282,0.03225806451612903,128.0,273.0,974.0,8.20754716981132,2.4150943396226414,-0.2392122150918345,10.0,0.0,2.659507418316626,1.7976931348623157e+308,0.0,0.0,128.0,32.0,36.0,0.03773584905660378,0.6037735849056605,-0.9459459459459459,6.0,0.0,1.508962190425072,1.7976931348623157e+308,0.0,0.0,128.0,2.0,0.0,0.0,0.15094339622641514,0.0,4.0,0.0,0.7622267878009116,1.7976931348623157e+308,0.0,0.0,128.0,0.0,0.0,0.0,0.0,0.0,0.0,0.0,0.0,0.0,0.0,0.0,0.0,0.0,0.0,0.0,0.0,0.0,0.0,0.0,0.0,0.0,0.0,0.0,0.0,0.0,0.0,0.0,0.0,0.0,0.0,0.0,0.0,0.0,0.0,0.0,0.0,0.0,0.0,0.0,0.0,0.0,0.0,0.0,0.0,0.0,0.0,0.0,0.0,0.0,0.0,0.0,0.0,0.0,0.0,0.0,0.0,0.0,0.0,0.0,0.0,0.0,0.0,0.0,0.0,0.0,0.0,0.0,0.0,0.0,0.0,0.0,0.0,0.0,0.0,real
Oa2092,56.43396226415093,4.981132075471697,0.20229624698488002,11.0,2.0,2.406677550402769,3.1705370101596517,0.044070080862533695,0.054380664652567974,131.0,319.0,1237.0,4.377358490566036,2.0754716981132084,0.03301645711949234,9.0,0.0,2.5906148217863993,1.7976931348623157e+308,0.13888888888888887,0.12,131.0,23.0,28.0,0.0,0.716981132075472,1.0,6.0,0.0,1.6753187079564615,1.7976931348623157e+308,1.0,1.0,131.0,1.0,0.0,0.0,0.1509433962264151,0.0,4.0,0.0,0.7622267878009116,1.7976931348623157e+308,0.0,0.0,131.0,0.0,0.0,0.0,0.0,0.0,0.0,0.0,0.0,0.0,0.0,0.0,0.0,0.0,0.0,0.0,0.0,0.0,0.0,0.0,0.0,0.0,0.0,0.0,0.0,0.0,0.0,0.0,0.0,0.0,0.0,0.0,0.0,0.0,0.0,0.0,0.0,0.0,0.0,0.0,0.0,0.0,0.0,0.0,0.0,0.0,0.0,0.0,0.0,0.0,0.0,0.0,0.0,0.0,0.0,0.0,0.0,0.0,0.0,0.0,0.0,0.0,0.0,0.0,0.0,0.0,0.0,0.0,0.0,0.0,0.0,0.0,0.0,0.0,0.0,real
Oa1813,64.57407407407405,4.296296296296298,0.2607631486933086,10.0,2.0,2.346231254031386,3.43675751222921,0.02037037037037037,0.037815126050420166,115.0,232.0,768.0,3.2962962962962963,1.8518518518518512,-0.12833061446438185,7.0,0.0,2.3206592885660053,1.7976931348623157e+308,0.0,0.0,115.0,20.0,19.0,0.018518518518518517,0.5185185185185185,-0.25641025641025794,7.0,0.0,1.4238802064252658,1.7976931348623157e+308,0.0,0.0,115.0,1.0,0.0,0.0,0.29629629629629634,0.0,4.0,0.0,1.047565601757848,1.7976931348623157e+308,0.0,0.0,115.0,0.0,0.0,0.0,0.0,0.0,0.0,0.0,0.0,0.0,0.0,0.0,0.0,0.0,0.0,0.0,0.0,0.0,0.0,0.0,0.0,0.0,0.0,0.0,0.0,0.0,0.0,0.0,0.0,0.0,0.0,0.0,0.0,0.0,0.0,0.0,0.0,0.0,0.0,0.0,0.0,0.0,0.0,0.0,0.0,0.0,0.0,0.0,0.0,0.0,0.0,0.0,0.0,0.0,0.0,0.0,0.0,0.0,0.0,0.0,0.0,0.0,0.0,0.0,0.0,0.0,0.0,0.0,0.0,0.0,0.0,0.0,0.0,0.0,0.0,real
Oa1844,57.924528301886795,4.90566037735849,0.2744277256099875,10.0,2.0,2.121446204329492,3.227866473149492,0.09523809523809523,0.08881578947368421,128.0,286.0,1000.0,1.30188679245283,2.0754716981132075,0.13620362848632603,8.0,0.0,2.3136107254293323,1.7976931348623157e+308,0.0,0.0,128.0,22.0,23.0,0.018867924528301886,0.5660377358490568,-0.25000000000000094,6.0,0.0,1.3104721022026673,1.7976931348623157e+308,0.0,0.0,128.0,1.0,0.0,0.0,0.0,0.0,0.0,0.0,0.0,0.0,0.0,0.0,0.0,0.0,0.0,0.0,0.0,0.0,0.0,0.0,0.0,0.0,0.0,0.0,0.0,0.0,0.0,0.0,0.0,0.0,0.0,0.0,0.0,0.0,0.0,0.0,0.0,0.0,0.0,0.0,0.0,0.0,0.0,0.0,0.0,0.0,0.0,0.0,0.0,0.0,0.0,0.0,0.0,0.0,0.0,0.0,0.0,0.0,0.0,0.0,0.0,0.0,0.0,0.0,0.0,0.0,0.0,0.0,0.0,0.0,0.0,0.0,0.0,0.0,0.0,0.0,0.0,0.0,0.0,0.0,0.0,0.0,0.0,0.0,0.0,0.0,0.0,real
Oa1861,53.08163265306122,5.387755102040817,0.27518786896409503,14.0,1.0,3.451212898480364,3.211734693877551,0.11622023809523811,0.09782608695652174,128.0,258.0,922.0,34.30612244897958,3.102040816326532,0.1349717969379532,13.0,0.0,3.500699043655766,1.7976931348623157e+308,0.06666666666666667,0.06818181818181818,128.0,42.0,66.0,0.0,0.9795918367346941,1.0,8.0,0.0,2.0252467314375964,1.7976931348623157e+308,0.0,0.0,128.0,0.0,0.0,0.0,0.6122448979591837,1.0,8.0,0.0,1.8932352887035293,1.7976931348623157e+308,0.0,0.0,128.0,0.0,0.0,0.0,0.2857142857142858,0.0,7.0,0.0,1.3850513878332371,1.7976931348623157e+308,0.0,0.0,128.0,0.0,0.0,0.0,0.2857142857142858,0.0,7.0,0.0,1.3850513878332371,1.7976931348623157e+308,0.0,0.0,128.0,0.0,0.0,0.0,0.2857142857142858,0.0,7.0,0.0,1.3850513878332371,1.7976931348623157e+308,0.0,0.0,128.0,0.0,0.0,0.0,0.0,0.0,0.0,0.0,0.0,0.0,0.0,0.0,0.0,0.0,0.0,0.0,0.0,0.0,0.0,0.0,0.0,0.0,0.0,0.0,0.0,0.0,0.0,0.0,0.0,0.0,0.0,0.0,0.0,0.0,0.0,0.0,0.0,0.0,0.0,real
Oa1886,52.20000000000001,5.4799999999999995,0.49760422831255197,19.0,2.0,3.869056732589999,3.130612244897959,0.06190476190476191,0.059602649006622516,131.0,290.0,1112.0,14.84,2.7999999999999994,0.5001703411690267,17.0,0.0,3.924283374069717,1.7976931348623157e+308,0.20175438596491227,0.2,131.0,26.0,28.0,0.039999999999999994,1.2,0.3725490196078432,15.0,0.0,3.3406586176980135,1.7976931348623157e+308,0.0,0.0,131.0,2.0,0.0,0.0,0.7200000000000001,1.0,12.0,0.0,2.584879107424562,1.7976931348623157e+308,0.0,0.0,131.0,0.0,0.0,0.0,0.7200000000000001,1.0,12.0,0.0,2.584879107424562,1.7976931348623157e+308,0.0,0.0,131.0,0.0,0.0,0.0,0.7200000000000001,1.0,12.0,0.0,2.584879107424562,1.7976931348623157e+308,0.0,0.0,131.0,0.0,0.0,0.0,0.0,0.0,0.0,0.0,0.0,0.0,0.0,0.0,0.0,0.0,0.0,0.0,0.0,0.0,0.0,0.0,0.0,0.0,0.0,0.0,0.0,0.0,0.0,0.0,0.0,0.0,0.0,0.0,0.0,0.0,0.0,0.0,0.0,0.0,0.0,0.0,0.0,0.0,0.0,0.0,0.0,0.0,0.0,0.0,0.0,0.0,0.0,real
Oa1959,55.411764705882355,4.980392156862746,0.33216073112352174,14.0,2.0,2.9933926982961983,3.216470588235294,0.06470588235294118,0.12883435582822086,127.0,298.0,1129.0,2.313725490196078,2.1960784313725497,0.23667692307692284,12.0,0.0,2.8492834176067006,1.7976931348623157e+308,0.0641025641025641,0.09375,127.0,30.0,45.0,0.07843137254901959,0.7843137254901962,0.3776824034334767,8.0,0.0,1.7746993723897666,1.7976931348623157e+308,0.0,0.0,127.0,2.0,1.0,0.019607843137254898,0.3137254901960786,-1.0,8.0,0.0,1.3356381463471687,1.7976931348623157e+308,0.0,0.0,127.0,1.0,0.0,0.0,0.0,0.0,0.0,0.0,0.0,0.0,0.0,0.0,0.0,0.0,0.0,0.0,0.0,0.0,0.0,0.0,0.0,0.0,0.0,0.0,0.0,0.0,0.0,0.0,0.0,0.0,0.0,0.0,0.0,0.0,0.0,0.0,0.0,0.0,0.0,0.0,0.0,0.0,0.0,0.0,0.0,0.0,0.0,0.0,0.0,0.0,0.0,0.0,0.0,0.0,0.0,0.0,0.0,0.0,0.0,0.0,0.0,0.0,0.0,0.0,0.0,0.0,0.0,0.0,0.0,0.0,0.0,0.0,0.0,0.0,0.0,real
Oa1962,53.75,5.538461538461539,0.31460064297941687,14.0,2.0,2.9836834389568416,3.107843137254902,0.06291208791208792,0.07692307692307693,140.0,333.0,1341.0,23.57692307692308,2.9230769230769234,0.2942837976203088,10.0,0.0,2.709287117747127,1.7976931348623157e+308,0.0,0.0,140.0,40.0,63.0,0.019230769230769242,0.6153846153846153,0.6372795969773299,8.0,0.0,1.607121724290475,1.7976931348623157e+308,0.0,0.0,140.0,1.0,0.0,0.0,0.15384615384615383,0.0,8.0,0.0,1.0986812966989001,1.7976931348623157e+308,0.0,0.0,140.0,0.0,0.0,0.0,0.0,0.0,0.0,0.0,0.0,0.0,0.0,0.0,0.0,0.0,0.0,0.0,0.0,0.0,0.0,0.0,0.0,0.0,0.0,0.0,0.0,0.0,0.0,0.0,0.0,0.0,0.0,0.0,0.0,0.0,0.0,0.0,0.0,0.0,0.0,0.0,0.0,0.0,0.0,0.0,0.0,0.0,0.0,0.0,0.0,0.0,0.0,0.0,0.0,0.0,0.0,0.0,0.0,0.0,0.0,0.0,0.0,0.0,0.0,0.0,0.0,0.0,0.0,0.0,0.0,0.0,0.0,0.0,0.0,0.0,0.0,real
Oa2001,69.8214285714286,4.9642857142857135,0.6940346521851564,22.0,1.0,3.3002396326104955,3.538961038961039,0.05515151515151516,0.05791505791505792,132.0,249.0,785.0,3.285714285714285,2.464285714285713,0.655104396651238,21.0,0.0,3.659451001537397,1.7976931348623157e+308,0.1,0.125,132.0,22.0,25.0,0.0,1.0357142857142854,0.7276196066921042,19.0,0.0,2.9213761783635817,1.7976931348623157e+308,0.0,0.0,132.0,0.0,0.0,0.0,0.6071428571428572,1.0,16.0,0.0,2.497703026415123,1.7976931348623157e+308,0.0,0.0,132.0,0.0,0.0,0.0,0.4642857142857142,1.0,16.0,0.0,2.2910094914242323,1.7976931348623157e+308,0.0,0.0,132.0,0.0,0.0,0.0,0.2857142857142857,0.0,16.0,0.0,2.1189138534559038,1.7976931348623157e+308,0.0,0.0,132.0,0.0,0.0,0.0,0.2857142857142857,0.0,16.0,0.0,2.1189138534559038,1.7976931348623157e+308,0.0,0.0,132.0,0.0,0.0,0.0,0.2857142857142857,0.0,16.0,0.0,2.1189138534559038,1.7976931348623157e+308,0.0,0.0,132.0,0.0,0.0,0.0,0.0,0.0,0.0,0.0,0.0,0.0,0.0,0.0,0.0,0.0,0.0,0.0,0.0,0.0,0.0,0.0,0.0,0.0,0.0,0.0,0.0,0.0,0.0,real
Oa2086,67.68965517241378,4.551724137931035,0.4486772172570447,18.0,1.0,3.063536461026382,3.3750756200846945,0.057226399331662486,0.04823151125401929,127.0,301.0,1101.0,1.3103448275862075,1.689655172413793,0.31879460745440136,17.0,0.0,3.074965077187304,1.7976931348623157e+308,0.0,0.0,127.0,21.0,24.0,0.0,0.517241379310345,0.5999999999999999,15.0,0.0,2.0946679377224053,1.7976931348623157e+308,0.0,0.0,127.0,0.0,0.0,0.0,0.2068965517241379,0.0,12.0,0.0,1.5620347107456722,1.7976931348623157e+308,0.0,0.0,127.0,0.0,0.0,0.0,0.2068965517241379,0.0,12.0,0.0,1.5620347107456722,1.7976931348623157e+308,0.0,0.0,127.0,0.0,0.0,0.0,0.2068965517241379,0.0,12.0,0.0,1.5620347107456722,1.7976931348623157e+308,0.0,0.0,127.0,0.0,0.0,0.0,0.0,0.0,0.0,0.0,0.0,0.0,0.0,0.0,0.0,0.0,0.0,0.0,0.0,0.0,0.0,0.0,0.0,0.0,0.0,0.0,0.0,0.0,0.0,0.0,0.0,0.0,0.0,0.0,0.0,0.0,0.0,0.0,0.0,0.0,0.0,0.0,0.0,0.0,0.0,0.0,0.0,0.0,0.0,0.0,0.0,0.0,0.0,real
Oa2150,56.660377358490564,4.867924528301888,0.095866886021878,14.0,1.0,3.1144080018281475,3.1792452830188678,0.18296703296703296,0.09649122807017543,129.0,320.0,1290.0,7.264150943396226,2.1509433962264155,-0.05257094983767939,11.0,0.0,2.8177083316196927,1.7976931348623157e+308,0.0,0.0,129.0,39.0,72.0,0.018867924528301896,0.490566037735849,-0.09638554216867394,7.0,0.0,1.3545540449658542,1.7976931348623157e+308,0.0,0.0,129.0,1.0,0.0,0.0,0.15094339622641517,0.0,4.0,0.0,0.7622267878009116,1.7976931348623157e+308,0.0,0.0,129.0,0.0,0.0,0.0,0.0,0.0,0.0,0.0,0.0,0.0,0.0,0.0,0.0,0.0,0.0,0.0,0.0,0.0,0.0,0.0,0.0,0.0,0.0,0.0,0.0,0.0,0.0,0.0,0.0,0.0,0.0,0.0,0.0,0.0,0.0,0.0,0.0,0.0,0.0,0.0,0.0,0.0,0.0,0.0,0.0,0.0,0.0,0.0,0.0,0.0,0.0,0.0,0.0,0.0,0.0,0.0,0.0,0.0,0.0,0.0,0.0,0.0,0.0,0.0,0.0,0.0,0.0,0.0,0.0,0.0,0.0,0.0,0.0,0.0,0.0,real
Oa2164,44.41463414634147,6.585365853658535,0.48135845898337926,24.0,2.0,4.908805476652596,3.220731707317073,0.07584204413472706,0.10344827586206896,131.0,216.0,723.0,19.90243902439024,4.48780487804878,0.456298359293407,23.0,0.0,5.22247465507522,1.7976931348623157e+308,0.03859649122807017,0.09836065573770492,131.0,57.0,128.0,1.0731707317073167,2.634146341463415,0.3038095238095238,21.0,0.0,4.503419283930474,1.7976931348623157e+308,0.0,0.0,131.0,16.0,17.0,0.19512195121951217,1.3170731707317072,0.11069225496915672,18.0,0.0,3.652189616469282,1.7976931348623157e+308,0.0,0.0,131.0,4.0,3.0,0.09756097560975611,0.7317073170731703,-0.5000000000000026,10.0,0.0,2.358424342172404,1.7976931348623157e+308,0.0,0.0,131.0,2.0,1.0,0.0,0.0,0.0,0.0,0.0,0.0,0.0,0.0,0.0,0.0,0.0,0.0,0.0,0.0,0.0,0.0,0.0,0.0,0.0,0.0,0.0,0.0,0.0,0.0,0.0,0.0,0.0,0.0,0.0,0.0,0.0,0.0,0.0,0.0,0.0,0.0,0.0,0.0,0.0,0.0,0.0,0.0,0.0,0.0,0.0,0.0,0.0,0.0,0.0,0.0,0.0,0.0,0.0,0.0,0.0,0.0,0.0,0.0,0.0,0.0,real
Oa2167,72.46666666666665,4.333333333333333,0.24444444444444424,10.0,2.0,2.2484562605386733,3.456497175141243,0.0634920634920635,0.06363636363636363,129.0,316.0,1177.0,0.9166666666666667,1.4000000000000001,0.6525735294117648,7.0,0.0,1.8726095873584188,1.7976931348623157e+308,0.0,0.0,129.0,9.0,7.0,0.0,0.4666666666666666,1.0,5.0,0.0,1.2310790208412927,1.7976931348623157e+308,0.0,0.0,129.0,0.0,0.0,0.0,0.16666666666666666,0.0,5.0,0.0,0.8975274678557507,1.7976931348623157e+308,0.0,0.0,129.0,0.0,0.0,0.0,0.16666666666666666,0.0,5.0,0.0,0.8975274678557507,1.7976931348623157e+308,0.0,0.0,129.0,0.0,0.0,0.0,0.0,0.0,0.0,0.0,0.0,0.0,0.0,0.0,0.0,0.0,0.0,0.0,0.0,0.0,0.0,0.0,0.0,0.0,0.0,0.0,0.0,0.0,0.0,0.0,0.0,0.0,0.0,0.0,0.0,0.0,0.0,0.0,0.0,0.0,0.0,0.0,0.0,0.0,0.0,0.0,0.0,0.0,0.0,0.0,0.0,0.0,0.0,0.0,0.0,0.0,0.0,0.0,0.0,0.0,0.0,0.0,0.0,0.0,0.0,real
Oa2181,67.859649122807,4.807017543859648,0.36511067793751095,14.0,2.0,2.9643412717045265,3.4235588972431077,0.038596491228070184,0.048701298701298704,133.0,298.0,1099.0,9.947368421052635,2.0350877192982453,0.10343448197039919,12.0,0.0,3.077735053977318,1.7976931348623157e+308,0.0,0.0,133.0,28.0,45.0,0.19298245614035084,0.9824561403508774,0.019323671497584606,8.0,0.0,2.2825903111986796,1.7976931348623157e+308,0.0,0.0,133.0,4.0,2.0,0.0,0.4561403508771929,1.0,8.0,0.0,1.7072618422039108,1.7976931348623157e+308,0.0,0.0,133.0,0.0,0.0,0.0,0.1754385964912281,0.0,5.0,0.0,0.9200077615527644,1.7976931348623157e+308,0.0,0.0,133.0,0.0,0.0,0.0,0.0,0.0,0.0,0.0,0.0,0.0,0.0,0.0,0.0,0.0,0.0,0.0,0.0,0.0,0.0,0.0,0.0,0.0,0.0,0.0,0.0,0.0,0.0,0.0,0.0,0.0,0.0,0.0,0.0,0.0,0.0,0.0,0.0,0.0,0.0,0.0,0.0,0.0,0.0,0.0,0.0,0.0,0.0,0.0,0.0,0.0,0.0,0.0,0.0,0.0,0.0,0.0,0.0,0.0,0.0,0.0,0.0,0.0,0.0,real
bOa1886i,64.24528301886792,5.245283018867926,0.5971225836963615,29.0,1.0,4.6940575053248494,3.4709724238026123,0.08736263736263736,0.1056338028169014,132.0,264.0,901.0,5.169811320754721,2.6792452830188673,0.5388584438037527,28.0,0.0,4.7732492983673644,1.7976931348623157e+308,0.03333333333333333,0.07894736842105263,132.0,36.0,71.0,0.30188679245283007,1.3207547169811324,0.4862638017790283,24.0,0.0,3.989484219302371,1.7976931348623157e+308,0.0,0.0,132.0,5.0,5.0,0.0,0.867924528301887,0.4390671442725399,21.0,0.0,3.3704472344693004,1.7976931348623157e+308,0.0,0.0,132.0,0.0,0.0,0.0,0.7169811320754719,0.03169294473642079,21.0,0.0,3.315927022494906,1.7976931348623157e+308,0.0,0.0,132.0,0.0,0.0,0.0,0.528301886792453,1.0,16.0,0.0,2.6959352603006415,1.7976931348623157e+308,0.0,0.0,132.0,0.0,0.0,0.0,0.30188679245283034,0.0,16.0,0.0,2.1769366191480684,1.7976931348623157e+308,0.0,0.0,132.0,0.0,0.0,0.0,0.30188679245283034,0.0,16.0,0.0,2.1769366191480684,1.7976931348623157e+308,0.0,0.0,132.0,0.0,0.0,0.0,0.0,0.0,0.0,0.0,0.0,0.0,0.0,0.0,0.0,0.0,0.0,0.0,0.0,0.0,0.0,0.0,0.0,0.0,0.0,0.0,0.0,0.0,0.0,real
bOa2150i,47.53061224489799,5.224489795918369,-0.004984944587280534,12.0,2.0,3.0119849453674843,2.9804421768707483,0.17730806608357633,0.09565217391304348,128.0,323.0,1301.0,19.510204081632658,2.489795918367346,-0.15159199774584378,11.0,0.0,2.8365144533502686,1.7976931348623157e+308,0.0,0.0,128.0,44.0,79.0,0.02040816326530612,0.5306122448979591,-0.09638554216867394,7.0,0.0,1.4011954198997447,1.7976931348623157e+308,0.0,0.0,128.0,1.0,0.0,0.0,0.16326530612244897,0.0,4.0,0.0,0.7914579359047067,1.7976931348623157e+308,0.0,0.0,128.0,0.0,0.0,0.0,0.0,0.0,0.0,0.0,0.0,0.0,0.0,0.0,0.0,0.0,0.0,0.0,0.0,0.0,0.0,0.0,0.0,0.0,0.0,0.0,0.0,0.0,0.0,0.0,0.0,0.0,0.0,0.0,0.0,0.0,0.0,0.0,0.0,0.0,0.0,0.0,0.0,0.0,0.0,0.0,0.0,0.0,0.0,0.0,0.0,0.0,0.0,0.0,0.0,0.0,0.0,0.0,0.0,0.0,0.0,0.0,0.0,0.0,0.0,0.0,0.0,0.0,0.0,0.0,0.0,0.0,0.0,0.0,0.0,0.0,0.0,real
bOa2164i,50.30434782608696,5.91304347826087,0.3995611498403983,24.0,2.0,4.514835867576265,3.2357487922705315,0.047722567287784685,0.05660377358490566,131.0,255.0,914.0,17.28260869565217,3.652173913043479,0.3554445490671733,23.0,0.0,4.728348325028279,1.7976931348623157e+308,0.04814814814814814,0.10526315789473684,131.0,53.0,111.0,0.7608695652173912,1.739130434782609,0.07876903829932436,23.0,0.0,4.083023084030495,1.7976931348623157e+308,0.0,0.0,131.0,10.0,13.0,0.17391304347826086,1.0869565217391304,-0.06686930091185485,17.0,0.0,3.3481084014223397,1.7976931348623157e+308,0.0,0.0,131.0,4.0,3.0,0.0,0.21739130434782614,0.0,5.0,0.0,1.019655599961615,1.7976931348623157e+308,0.0,0.0,131.0,0.0,0.0,0.0,0.0,0.0,0.0,0.0,0.0,0.0,0.0,0.0,0.0,0.0,0.0,0.0,0.0,0.0,0.0,0.0,0.0,0.0,0.0,0.0,0.0,0.0,0.0,0.0,0.0,0.0,0.0,0.0,0.0,0.0,0.0,0.0,0.0,0.0,0.0,0.0,0.0,0.0,0.0,0.0,0.0,0.0,0.0,0.0,0.0,0.0,0.0,0.0,0.0,0.0,0.0,0.0,0.0,0.0,0.0,0.0,0.0,0.0,0.0,real
bOa2181i,61.964912280701775,4.771929824561406,0.1891981054268681,13.0,2.0,2.4992458080610027,3.2130325814536342,0.06871345029239767,0.05084745762711865,133.0,342.0,1390.0,4.017543859649122,1.7894736842105265,-0.3467653508771934,9.0,0.0,2.2844773067590216,1.7976931348623157e+308,0.0,0.0,133.0,21.0,19.0,0.017543859649122816,0.4561403508771929,-0.5,6.0,0.0,1.2714155039995396,1.7976931348623157e+308,0.0,0.0,133.0,1.0,0.0,0.0,0.14035087719298248,0.0,4.0,0.0,0.7360062092422116,1.7976931348623157e+308,0.0,0.0,133.0,0.0,0.0,0.0,0.0,0.0,0.0,0.0,0.0,0.0,0.0,0.0,0.0,0.0,0.0,0.0,0.0,0.0,0.0,0.0,0.0,0.0,0.0,0.0,0.0,0.0,0.0,0.0,0.0,0.0,0.0,0.0,0.0,0.0,0.0,0.0,0.0,0.0,0.0,0.0,0.0,0.0,0.0,0.0,0.0,0.0,0.0,0.0,0.0,0.0,0.0,0.0,0.0,0.0,0.0,0.0,0.0,0.0,0.0,0.0,0.0,0.0,0.0,0.0,0.0,0.0,0.0,0.0,0.0,0.0,0.0,0.0,0.0,0.0,0.0,real
bOaHACA1,59.30188679245282,5.245283018867926,0.24180326595781035,18.0,2.0,3.352867881845014,3.2808417997097243,0.043396226415094344,0.041237113402061855,135.0,283.0,1063.0,19.9622641509434,2.8301886792452837,0.06370038412291928,16.0,0.0,3.446276903079907,1.7976931348623157e+308,0.0,0.0,135.0,44.0,82.0,0.07547169811320756,0.8679245283018868,0.3776137761377613,10.0,0.0,2.206660037841332,1.7976931348623157e+308,0.0,0.0,135.0,2.0,1.0,0.018867924528301886,0.528301886792453,-0.9774011299435048,10.0,0.0,1.9387194138059636,1.7976931348623157e+308,0.0,0.0,135.0,1.0,0.0,0.018867924528301886,0.3773584905660378,-1.0,10.0,0.0,1.6394478487719586,1.7976931348623157e+308,0.0,0.0,135.0,1.0,0.0,0.0,0.0,0.0,0.0,0.0,0.0,0.0,0.0,0.0,0.0,0.0,0.0,0.0,0.0,0.0,0.0,0.0,0.0,0.0,0.0,0.0,0.0,0.0,0.0,0.0,0.0,0.0,0.0,0.0,0.0,0.0,0.0,0.0,0.0,0.0,0.0,0.0,0.0,0.0,0.0,0.0,0.0,0.0,0.0,0.0,0.0,0.0,0.0,0.0,0.0,0.0,0.0,0.0,0.0,0.0,0.0,0.0,0.0,0.0,0.0,real
bOaHACA44,56.47058823529411,5.215686274509804,0.2808682891851556,16.0,2.0,3.1642223310633284,3.2588235294117647,0.07871148459383753,0.05474452554744526,133.0,264.0,971.0,23.647058823529402,2.823529411764706,-0.017448018284184803,15.0,0.0,3.3764227638889497,1.7976931348623157e+308,0.0,0.0,133.0,42.0,74.0,0.4509803921568628,1.6470588235294121,0.18021910199043403,11.0,0.0,2.7067347336058662,1.7976931348623157e+308,0.0,0.0,133.0,11.0,9.0,0.019607843137254898,0.4705882352941176,-0.499999999999999,8.0,0.0,1.51272953113615,1.7976931348623157e+308,0.0,0.0,133.0,1.0,0.0,0.0,0.0,0.0,0.0,0.0,0.0,0.0,0.0,0.0,0.0,0.0,0.0,0.0,0.0,0.0,0.0,0.0,0.0,0.0,0.0,0.0,0.0,0.0,0.0,0.0,0.0,0.0,0.0,0.0,0.0,0.0,0.0,0.0,0.0,0.0,0.0,0.0,0.0,0.0,0.0,0.0,0.0,0.0,0.0,0.0,0.0,0.0,0.0,0.0,0.0,0.0,0.0,0.0,0.0,0.0,0.0,0.0,0.0,0.0,0.0,0.0,0.0,0.0,0.0,0.0,0.0,0.0,0.0,0.0,0.0,0.0,0.0,real
Oa1965,47.32608695652174,6.086956521739129,0.5738209701251483,37.0,0.0,5.930122393914421,1.7976931348623157e+308,0.11758658008658013,0.12692307692307692,132.0,238.0,838.0,14.652173913043475,3.782608695652172,0.562945280830651,35.0,0.0,5.963341066295627,1.7976931348623157e+308,0.0,0.0,132.0,45.0,91.0,0.8695652173913042,2.3913043478260865,0.6398271004031899,31.0,0.0,5.198152936462208,1.7976931348623157e+308,0.0,0.0,132.0,8.0,6.0,0.021739130434782615,1.2173913043478264,0.7520435967302452,28.0,0.0,4.403126574320751,1.7976931348623157e+308,0.0,0.0,132.0,1.0,0.0,0.0,0.5217391304347827,0.0,24.0,0.0,3.499932486521412,1.7976931348623157e+308,0.0,0.0,132.0,0.0,0.0,0.0,0.5217391304347827,0.0,24.0,0.0,3.499932486521412,1.7976931348623157e+308,0.0,0.0,132.0,0.0,0.0,0.0,0.5217391304347827,0.0,24.0,0.0,3.499932486521412,1.7976931348623157e+308,0.0,0.0,132.0,0.0,0.0,0.0,0.5217391304347827,0.0,24.0,0.0,3.499932486521412,1.7976931348623157e+308,0.0,0.0,132.0,0.0,0.0,0.0,0.5217391304347827,0.0,24.0,0.0,3.499932486521412,1.7976931348623157e+308,0.0,0.0,132.0,0.0,0.0,0.0,0.5217391304347827,0.0,24.0,0.0,3.499932486521412,1.7976931348623157e+308,0.0,0.0,132.0,0.0,0.0,real
Oa1862,50.05882352941177,5.294117647058825,0.056334597585163564,14.0,2.0,3.267751626430859,3.0023529411764707,0.07796451914098972,0.07988165680473373,135.0,320.0,1292.0,23.411764705882355,2.7450980392156867,-0.19828391810381407,13.0,0.0,3.348064335449646,1.7976931348623157e+308,0.0,0.0,135.0,57.0,124.0,0.15686274509803924,0.7843137254901963,-0.07336956521739152,11.0,0.0,2.003073378685825,1.7976931348623157e+308,0.0,0.0,135.0,4.0,3.0,0.0,0.19607843137254907,0.0,5.0,0.0,0.9705387192756533,1.7976931348623157e+308,0.0,0.0,135.0,0.0,0.0,0.0,0.19607843137254907,0.0,5.0,0.0,0.9705387192756533,1.7976931348623157e+308,0.0,0.0,135.0,0.0,0.0,0.0,0.0,0.0,0.0,0.0,0.0,0.0,0.0,0.0,0.0,0.0,0.0,0.0,0.0,0.0,0.0,0.0,0.0,0.0,0.0,0.0,0.0,0.0,0.0,0.0,0.0,0.0,0.0,0.0,0.0,0.0,0.0,0.0,0.0,0.0,0.0,0.0,0.0,0.0,0.0,0.0,0.0,0.0,0.0,0.0,0.0,0.0,0.0,0.0,0.0,0.0,0.0,0.0,0.0,0.0,0.0,0.0,0.0,0.0,0.0,real
Oa1864,67.37499999999997,5.035714285714287,0.35851740651027364,16.0,2.0,3.321812573808192,3.45,0.055017006802721084,0.05474452554744526,138.0,264.0,916.0,1.8571428571428568,2.5357142857142865,0.399150922177238,15.0,0.0,3.262143717351071,1.7976931348623157e+308,0.0,0.0,138.0,27.0,36.0,0.6964285714285715,1.535714285714286,0.5240547945205479,13.0,0.0,2.9274823759033097,1.7976931348623157e+308,0.0,0.0,138.0,9.0,11.0,0.07142857142857142,0.7857142857142858,0.1986754966887415,10.0,0.0,2.225776635840412,1.7976931348623157e+308,0.0,0.0,138.0,2.0,1.0,0.0,0.21428571428571438,0.0,6.0,0.0,1.113461233437135,1.7976931348623157e+308,0.0,0.0,138.0,0.0,0.0,0.0,0.21428571428571438,0.0,6.0,0.0,1.113461233437135,1.7976931348623157e+308,0.0,0.0,138.0,0.0,0.0,0.0,0.0,0.0,0.0,0.0,0.0,0.0,0.0,0.0,0.0,0.0,0.0,0.0,0.0,0.0,0.0,0.0,0.0,0.0,0.0,0.0,0.0,0.0,0.0,0.0,0.0,0.0,0.0,0.0,0.0,0.0,0.0,0.0,0.0,0.0,0.0,0.0,0.0,0.0,0.0,0.0,0.0,0.0,0.0,0.0,0.0,0.0,0.0,real
Oa1874a,54.24528301886792,5.245283018867924,0.3923654550212964,17.0,0.0,3.6750338741981823,1.7976931348623157e+308,0.05132783882783883,0.05102040816326531,135.0,284.0,1113.0,22.320754716981124,2.8679245283018875,0.3987386647759081,14.0,0.0,3.5768529218424265,1.7976931348623157e+308,0.0,0.0,135.0,39.0,61.0,1.245283018867925,1.3584905660377353,0.2866790352504638,12.0,0.0,2.9209351024205437,1.7976931348623157e+308,0.0,0.0,135.0,9.0,10.0,0.0,0.5660377358490566,1.0,12.0,0.0,1.9858882710241028,1.7976931348623157e+308,0.0,0.0,135.0,0.0,0.0,0.0,0.4150943396226414,1.0,12.0,0.0,1.8676386287780111,1.7976931348623157e+308,0.0,0.0,135.0,0.0,0.0,0.0,0.22641509433962267,0.0,12.0,0.0,1.6327024643610515,1.7976931348623157e+308,0.0,0.0,135.0,0.0,0.0,0.0,0.0,0.0,0.0,0.0,0.0,0.0,0.0,0.0,0.0,0.0,0.0,0.0,0.0,0.0,0.0,0.0,0.0,0.0,0.0,0.0,0.0,0.0,0.0,0.0,0.0,0.0,0.0,0.0,0.0,0.0,0.0,0.0,0.0,0.0,0.0,0.0,0.0,0.0,0.0,0.0,0.0,0.0,0.0,0.0,0.0,0.0,0.0,real
Oa1912,57.21153846153844,5.346153846153846,0.10756991838385127,11.0,1.0,2.6594144481634654,3.2435897435897436,0.05676937441643325,0.04643962848297214,137.0,313.0,1214.0,16.48076923076923,2.807692307692309,0.010749401395894184,9.0,0.0,2.4102223129066616,1.7976931348623157e+308,0.0,0.0,137.0,31.0,36.0,0.019230769230769235,0.8846153846153848,-0.20348837209302462,6.0,0.0,1.5890714046241228,1.7976931348623157e+308,0.0,0.0,137.0,1.0,0.0,0.0,0.30769230769230776,0.0,4.0,0.0,1.065877420042386,1.7976931348623157e+308,0.0,0.0,137.0,0.0,0.0,0.0,0.0,0.0,0.0,0.0,0.0,0.0,0.0,0.0,0.0,0.0,0.0,0.0,0.0,0.0,0.0,0.0,0.0,0.0,0.0,0.0,0.0,0.0,0.0,0.0,0.0,0.0,0.0,0.0,0.0,0.0,0.0,0.0,0.0,0.0,0.0,0.0,0.0,0.0,0.0,0.0,0.0,0.0,0.0,0.0,0.0,0.0,0.0,0.0,0.0,0.0,0.0,0.0,0.0,0.0,0.0,0.0,0.0,0.0,0.0,0.0,0.0,0.0,0.0,0.0,0.0,0.0,0.0,0.0,0.0,0.0,0.0,real
Oa1954a,59.03773584905661,5.245283018867925,0.16839572805152855,14.0,1.0,3.1676767296074493,3.2706821480406387,0.04157509157509158,0.04838709677419355,138.0,300.0,1148.0,20.660377358490564,2.8301886792452837,0.024471173786810303,13.0,0.0,3.237375183324863,1.7976931348623157e+308,0.0,0.0,138.0,50.0,96.0,0.28301886792452846,1.0943396226415092,-0.08327621658670349,11.0,0.0,2.3006492188190464,1.7976931348623157e+308,0.0,0.0,138.0,7.0,6.0,0.0,0.1886792452830189,0.0,5.0,0.0,0.9527834847511392,1.7976931348623157e+308,0.0,0.0,138.0,0.0,0.0,0.0,0.1886792452830189,0.0,5.0,0.0,0.9527834847511392,1.7976931348623157e+308,0.0,0.0,138.0,0.0,0.0,0.0,0.0,0.0,0.0,0.0,0.0,0.0,0.0,0.0,0.0,0.0,0.0,0.0,0.0,0.0,0.0,0.0,0.0,0.0,0.0,0.0,0.0,0.0,0.0,0.0,0.0,0.0,0.0,0.0,0.0,0.0,0.0,0.0,0.0,0.0,0.0,0.0,0.0,0.0,0.0,0.0,0.0,0.0,0.0,0.0,0.0,0.0,0.0,0.0,0.0,0.0,0.0,0.0,0.0,0.0,0.0,0.0,0.0,0.0,0.0,real
Oa1954b,53.94117647058824,5.568627450980393,0.1723479978385231,15.0,2.0,3.3969704031726207,3.1576470588235295,0.10606909430438843,0.09230769230769231,140.0,305.0,1174.0,12.64705882352941,3.098039215686274,0.08680451002040938,13.0,0.0,3.448528540769432,1.7976931348623157e+308,0.0,0.0,140.0,56.0,122.0,0.31372549019607837,1.2941176470588234,0.3476112026359146,9.0,0.0,2.2690942967042247,1.7976931348623157e+308,0.0,0.0,140.0,5.0,5.0,0.0,0.3529411764705881,1.0,8.0,0.0,1.4528340041445258,1.7976931348623157e+308,0.0,0.0,140.0,0.0,0.0,0.0,0.19607843137254907,0.0,5.0,0.0,0.9705387192756533,1.7976931348623157e+308,0.0,0.0,140.0,0.0,0.0,0.0,0.0,0.0,0.0,0.0,0.0,0.0,0.0,0.0,0.0,0.0,0.0,0.0,0.0,0.0,0.0,0.0,0.0,0.0,0.0,0.0,0.0,0.0,0.0,0.0,0.0,0.0,0.0,0.0,0.0,0.0,0.0,0.0,0.0,0.0,0.0,0.0,0.0,0.0,0.0,0.0,0.0,0.0,0.0,0.0,0.0,0.0,0.0,0.0,0.0,0.0,0.0,0.0,0.0,0.0,0.0,0.0,0.0,0.0,0.0,real
Oa1954c,47.39999999999999,5.520000000000001,0.048207581011599554,15.0,2.0,3.067507131206055,2.9346938775510205,0.04504761904761906,0.05084745762711865,137.0,342.0,1463.0,34.14000000000001,2.92,-0.14332512374166,12.0,0.0,2.9382988275531132,1.7976931348623157e+308,0.0,0.0,137.0,51.0,94.0,0.0,0.6799999999999999,1.0,4.0,0.0,1.377534028617805,1.7976931348623157e+308,0.0,0.0,137.0,0.0,0.0,0.0,0.32000000000000006,0.0,4.0,0.0,1.085172797300043,1.7976931348623157e+308,0.0,0.0,137.0,0.0,0.0,0.0,0.0,0.0,0.0,0.0,0.0,0.0,0.0,0.0,0.0,0.0,0.0,0.0,0.0,0.0,0.0,0.0,0.0,0.0,0.0,0.0,0.0,0.0,0.0,0.0,0.0,0.0,0.0,0.0,0.0,0.0,0.0,0.0,0.0,0.0,0.0,0.0,0.0,0.0,0.0,0.0,0.0,0.0,0.0,0.0,0.0,0.0,0.0,0.0,0.0,0.0,0.0,0.0,0.0,0.0,0.0,0.0,0.0,0.0,0.0,0.0,0.0,0.0,0.0,0.0,0.0,0.0,0.0,0.0,0.0,0.0,0.0,real
Oa1954d,44.95744680851063,5.872340425531915,0.19716972438468394,15.0,2.0,3.2656628878187064,2.9546716003700277,0.028368794326241138,0.04067796610169491,137.0,287.0,1107.0,12.574468085106378,3.446808510638297,0.27375183139862563,13.0,0.0,3.3505065392735474,1.7976931348623157e+308,0.07142857142857142,0.06521739130434782,137.0,44.0,87.0,0.9148936170212768,1.574468085106383,-0.09088356420816104,11.0,0.0,2.663741416520722,1.7976931348623157e+308,0.0,0.0,137.0,9.0,9.0,0.0,0.553191489361702,1.0,5.0,0.0,1.4558540761324257,1.7976931348623157e+308,0.0,0.0,137.0,0.0,0.0,0.0,0.21276595744680857,0.0,5.0,0.0,1.0092375511175677,1.7976931348623157e+308,0.0,0.0,137.0,0.0,0.0,0.0,0.0,0.0,0.0,0.0,0.0,0.0,0.0,0.0,0.0,0.0,0.0,0.0,0.0,0.0,0.0,0.0,0.0,0.0,0.0,0.0,0.0,0.0,0.0,0.0,0.0,0.0,0.0,0.0,0.0,0.0,0.0,0.0,0.0,0.0,0.0,0.0,0.0,0.0,0.0,0.0,0.0,0.0,0.0,0.0,0.0,0.0,0.0,0.0,0.0,0.0,0.0,0.0,0.0,0.0,0.0,0.0,0.0,0.0,0.0,real
Oa1956a,46.73469387755101,5.632653061224491,0.030711212201774758,18.0,2.0,3.532322341538417,2.947278911564626,0.05568513119533528,0.05373134328358209,137.0,323.0,1344.0,19.63265306122449,3.061224489795918,-0.06932936760852573,15.0,0.0,3.36493420055937,1.7976931348623157e+308,0.0,0.0,137.0,48.0,91.0,0.12244897959183669,1.2653061224489792,-0.1630934150076565,13.0,0.0,2.553712864846979,1.7976931348623157e+308,0.0,0.0,137.0,6.0,2.0,0.0,0.28571428571428586,0.0,7.0,0.0,1.385051387833237,1.7976931348623157e+308,0.0,0.0,137.0,0.0,0.0,0.0,0.28571428571428586,0.0,7.0,0.0,1.385051387833237,1.7976931348623157e+308,0.0,0.0,137.0,0.0,0.0,0.0,0.28571428571428586,0.0,7.0,0.0,1.385051387833237,1.7976931348623157e+308,0.0,0.0,137.0,0.0,0.0,0.0,0.28571428571428586,0.0,7.0,0.0,1.385051387833237,1.7976931348623157e+308,0.0,0.0,137.0,0.0,0.0,0.0,0.0,0.0,0.0,0.0,0.0,0.0,0.0,0.0,0.0,0.0,0.0,0.0,0.0,0.0,0.0,0.0,0.0,0.0,0.0,0.0,0.0,0.0,0.0,0.0,0.0,0.0,0.0,0.0,0.0,0.0,0.0,0.0,0.0,0.0,0.0,real
Oa1966,54.519230769230774,5.384615384615386,0.12769298410903834,15.0,0.0,3.3463748821778783,1.7976931348623157e+308,0.05219047619047619,0.06,137.0,288.0,1112.0,17.07692307692308,3.2307692307692313,0.3087076639721689,12.0,0.0,3.291103302350986,1.7976931348623157e+308,0.06818181818181818,0.05660377358490566,137.0,51.0,94.0,0.15384615384615394,1.1538461538461542,0.6190476190476191,12.0,0.0,2.4836745063019907,1.7976931348623157e+308,0.0,0.0,137.0,4.0,3.0,0.0,0.6923076923076921,1.0,12.0,0.0,2.0337390871388132,1.7976931348623157e+308,0.0,0.0,137.0,0.0,0.0,0.0,0.2307692307692308,0.0,12.0,0.0,1.6480219450483495,1.7976931348623157e+308,0.0,0.0,137.0,0.0,0.0,0.0,0.2307692307692308,0.0,12.0,0.0,1.6480219450483495,1.7976931348623157e+308,0.0,0.0,137.0,0.0,0.0,0.0,0.0,0.0,0.0,0.0,0.0,0.0,0.0,0.0,0.0,0.0,0.0,0.0,0.0,0.0,0.0,0.0,0.0,0.0,0.0,0.0,0.0,0.0,0.0,0.0,0.0,0.0,0.0,0.0,0.0,0.0,0.0,0.0,0.0,0.0,0.0,0.0,0.0,0.0,0.0,0.0,0.0,0.0,0.0,0.0,0.0,0.0,0.0,real
Oa2149,54.54901960784315,5.4117647058823515,0.21675951859289022,15.0,2.0,3.242949943615156,3.1819607843137256,0.07418300653594771,0.038834951456310676,137.0,301.0,1231.0,30.2156862745098,3.058823529411765,-0.14763118501436298,14.0,0.0,3.3161031034012716,1.7976931348623157e+308,0.0,0.0,137.0,55.0,116.0,0.4117647058823529,1.176470588235294,-0.07186858316221847,8.0,0.0,2.1666444857351013,1.7976931348623157e+308,0.0,0.0,137.0,5.0,3.0,0.0,0.3529411764705881,1.0,5.0,0.0,1.2178980512368263,1.7976931348623157e+308,0.0,0.0,137.0,0.0,0.0,0.0,0.19607843137254907,0.0,5.0,0.0,0.9705387192756533,1.7976931348623157e+308,0.0,0.0,137.0,0.0,0.0,0.0,0.0,0.0,0.0,0.0,0.0,0.0,0.0,0.0,0.0,0.0,0.0,0.0,0.0,0.0,0.0,0.0,0.0,0.0,0.0,0.0,0.0,0.0,0.0,0.0,0.0,0.0,0.0,0.0,0.0,0.0,0.0,0.0,0.0,0.0,0.0,0.0,0.0,0.0,0.0,0.0,0.0,0.0,0.0,0.0,0.0,0.0,0.0,0.0,0.0,0.0,0.0,0.0,0.0,0.0,0.0,0.0,0.0,0.0,0.0,real
Oa2166,56.64814814814817,5.0740740740740735,0.17336642854260076,11.0,2.0,2.866484825316941,3.1376659678546472,0.042857142857142864,0.03896103896103896,136.0,300.0,1141.0,32.57407407407406,2.6296296296296306,0.16654927924120824,9.0,0.0,2.7974611260417324,1.7976931348623157e+308,0.10606060606060605,0.07692307692307693,136.0,37.0,53.0,0.1666666666666666,0.9999999999999998,-0.14893617021276692,9.0,0.0,1.9148542155126762,1.7976931348623157e+308,0.0,0.0,136.0,5.0,3.0,0.0,0.0,0.0,0.0,0.0,0.0,0.0,0.0,0.0,0.0,0.0,0.0,0.0,0.0,0.0,0.0,0.0,0.0,0.0,0.0,0.0,0.0,0.0,0.0,0.0,0.0,0.0,0.0,0.0,0.0,0.0,0.0,0.0,0.0,0.0,0.0,0.0,0.0,0.0,0.0,0.0,0.0,0.0,0.0,0.0,0.0,0.0,0.0,0.0,0.0,0.0,0.0,0.0,0.0,0.0,0.0,0.0,0.0,0.0,0.0,0.0,0.0,0.0,0.0,0.0,0.0,0.0,0.0,0.0,0.0,0.0,0.0,0.0,0.0,0.0,0.0,0.0,0.0,0.0,0.0,0.0,0.0,0.0,0.0,real
Oa1874b,48.06249999999999,5.708333333333334,0.16328949479579144,14.0,2.0,3.272093706210478,3.0452127659574466,0.04171626984126984,0.05714285714285714,136.0,303.0,1239.0,13.166666666666664,3.416666666666665,0.2819546181193488,11.0,0.0,3.154582205124617,1.7976931348623157e+308,0.020833333333333332,0.04918032786885246,136.0,59.0,116.0,0.22916666666666657,1.0833333333333335,-0.03379721669979941,7.0,0.0,2.008661798865658,1.7976931348623157e+308,0.0,0.0,136.0,4.0,2.0,0.0,0.3333333333333334,0.0,4.0,0.0,1.1055415967851332,1.7976931348623157e+308,0.0,0.0,136.0,0.0,0.0,0.0,0.0,0.0,0.0,0.0,0.0,0.0,0.0,0.0,0.0,0.0,0.0,0.0,0.0,0.0,0.0,0.0,0.0,0.0,0.0,0.0,0.0,0.0,0.0,0.0,0.0,0.0,0.0,0.0,0.0,0.0,0.0,0.0,0.0,0.0,0.0,0.0,0.0,0.0,0.0,0.0,0.0,0.0,0.0,0.0,0.0,0.0,0.0,0.0,0.0,0.0,0.0,0.0,0.0,0.0,0.0,0.0,0.0,0.0,0.0,0.0,0.0,0.0,0.0,0.0,0.0,0.0,0.0,0.0,0.0,0.0,0.0,real
Oa1956b,52.86274509803921,5.333333333333333,-0.03687394343333337,15.0,2.0,3.4847942334768063,3.114509803921569,0.048366013071895426,0.04950495049504951,135.0,293.0,1168.0,27.117647058823525,3.215686274509803,-0.10226305938403975,13.0,0.0,3.2977337761619054,1.7976931348623157e+308,0.059722222222222225,0.047619047619047616,135.0,61.0,131.0,0.05882352941176472,0.7843137254901963,-0.47220046985121383,11.0,0.0,2.0893166674466643,1.7976931348623157e+308,0.0,0.0,135.0,3.0,1.0,0.0,0.4313725490196077,1.0,6.0,0.0,1.4852860285808334,1.7976931348623157e+308,0.0,0.0,135.0,0.0,0.0,0.0,0.4313725490196077,1.0,6.0,0.0,1.4852860285808334,1.7976931348623157e+308,0.0,0.0,135.0,0.0,0.0,0.0,0.23529411764705888,0.0,6.0,0.0,1.164646463130784,1.7976931348623157e+308,0.0,0.0,135.0,0.0,0.0,0.0,0.0,0.0,0.0,0.0,0.0,0.0,0.0,0.0,0.0,0.0,0.0,0.0,0.0,0.0,0.0,0.0,0.0,0.0,0.0,0.0,0.0,0.0,0.0,0.0,0.0,0.0,0.0,0.0,0.0,0.0,0.0,0.0,0.0,0.0,0.0,0.0,0.0,0.0,0.0,0.0,0.0,0.0,0.0,0.0,0.0,0.0,0.0,real
Oa1972a,53.67307692307691,5.346153846153846,0.3637991220579205,17.0,0.0,3.9315519317078813,1.7976931348623157e+308,0.05538095238095238,0.05357142857142857,135.0,270.0,1022.0,9.211538461538463,3.0769230769230775,0.4088513807995563,14.0,0.0,3.882139347983243,1.7976931348623157e+308,0.0,0.0,135.0,48.0,99.0,0.49999999999999983,1.5384615384615388,0.374209860935525,12.0,0.0,2.9251005141279296,1.7976931348623157e+308,0.0,0.0,135.0,8.0,8.0,0.0,0.6153846153846155,1.0,12.0,0.0,2.0769230769230766,1.7976931348623157e+308,0.0,0.0,135.0,0.0,0.0,0.0,0.6153846153846155,1.0,12.0,0.0,2.0769230769230766,1.7976931348623157e+308,0.0,0.0,135.0,0.0,0.0,0.0,0.2307692307692308,0.0,12.0,0.0,1.6480219450483495,1.7976931348623157e+308,0.0,0.0,135.0,0.0,0.0,0.0,0.0,0.0,0.0,0.0,0.0,0.0,0.0,0.0,0.0,0.0,0.0,0.0,0.0,0.0,0.0,0.0,0.0,0.0,0.0,0.0,0.0,0.0,0.0,0.0,0.0,0.0,0.0,0.0,0.0,0.0,0.0,0.0,0.0,0.0,0.0,0.0,0.0,0.0,0.0,0.0,0.0,0.0,0.0,0.0,0.0,0.0,0.0,real
Oa1972b,54.56603773584905,5.245283018867925,0.3484411953198992,17.0,0.0,3.8061799815531314,1.7976931348623157e+308,0.054295051353874885,0.05172413793103448,135.0,280.0,1082.0,14.886792452830191,2.943396226415095,0.35834023178807944,14.0,0.0,3.6878950090426397,1.7976931348623157e+308,0.0,0.0,135.0,46.0,86.0,0.4716981132075471,1.358490566037736,0.4326406724258699,12.0,0.0,2.7819793389534424,1.7976931348623157e+308,0.0,0.0,135.0,7.0,8.0,0.0,0.5660377358490566,1.0,12.0,0.0,1.9858882710241028,1.7976931348623157e+308,0.0,0.0,135.0,0.0,0.0,0.0,0.4150943396226414,1.0,12.0,0.0,1.8676386287780111,1.7976931348623157e+308,0.0,0.0,135.0,0.0,0.0,0.0,0.22641509433962267,0.0,12.0,0.0,1.6327024643610515,1.7976931348623157e+308,0.0,0.0,135.0,0.0,0.0,0.0,0.0,0.0,0.0,0.0,0.0,0.0,0.0,0.0,0.0,0.0,0.0,0.0,0.0,0.0,0.0,0.0,0.0,0.0,0.0,0.0,0.0,0.0,0.0,0.0,0.0,0.0,0.0,0.0,0.0,0.0,0.0,0.0,0.0,0.0,0.0,0.0,0.0,0.0,0.0,0.0,0.0,0.0,0.0,0.0,0.0,0.0,0.0,real
Oa2040,47.208333333333336,5.625,0.1772636655477215,16.0,2.0,3.401133389523753,3.0088652482269502,0.058432539682539676,0.057692307692307696,134.0,300.0,1185.0,35.89583333333332,3.083333333333335,0.0007989773090444998,15.0,0.0,3.4870793254846126,1.7976931348623157e+308,0.0,0.0,134.0,46.0,80.0,0.5208333333333334,1.166666666666667,0.0053560176433519,13.0,0.0,2.640496586292477,1.7976931348623157e+308,0.0,0.0,134.0,7.0,8.0,0.06250000000000001,0.5416666666666666,-0.993662864385296,13.0,0.0,2.101173613853828,1.7976931348623157e+308,0.0,0.0,134.0,3.0,1.0,0.0,0.2083333333333334,0.0,5.0,0.0,0.9991315673568167,1.7976931348623157e+308,0.0,0.0,134.0,0.0,0.0,0.0,0.0,0.0,0.0,0.0,0.0,0.0,0.0,0.0,0.0,0.0,0.0,0.0,0.0,0.0,0.0,0.0,0.0,0.0,0.0,0.0,0.0,0.0,0.0,0.0,0.0,0.0,0.0,0.0,0.0,0.0,0.0,0.0,0.0,0.0,0.0,0.0,0.0,0.0,0.0,0.0,0.0,0.0,0.0,0.0,0.0,0.0,0.0,0.0,0.0,0.0,0.0,0.0,0.0,0.0,0.0,0.0,0.0,0.0,0.0,real
Oa2050b,52.62745098039216,5.294117647058825,0.17673702991802925,14.0,2.0,3.3507044483040667,3.105098039215686,0.08716153127917835,0.06382978723404255,134.0,315.0,1271.0,18.05882352941177,2.7450980392156863,0.017729261022722466,14.0,0.0,3.371408835992443,1.7976931348623157e+308,0.0,0.0,134.0,52.0,107.0,0.17647058823529407,0.9411764705882355,-0.15448968209704436,12.0,0.0,2.2701106883774593,1.7976931348623157e+308,0.0,0.0,134.0,5.0,3.0,0.019607843137254898,0.3529411764705881,-0.9756097560975612,9.0,0.0,1.50585171537461,1.7976931348623157e+308,0.0,0.0,134.0,1.0,0.0,0.0,0.19607843137254907,0.0,5.0,0.0,0.9705387192756533,1.7976931348623157e+308,0.0,0.0,134.0,0.0,0.0,0.0,0.0,0.0,0.0,0.0,0.0,0.0,0.0,0.0,0.0,0.0,0.0,0.0,0.0,0.0,0.0,0.0,0.0,0.0,0.0,0.0,0.0,0.0,0.0,0.0,0.0,0.0,0.0,0.0,0.0,0.0,0.0,0.0,0.0,0.0,0.0,0.0,0.0,0.0,0.0,0.0,0.0,0.0,0.0,0.0,0.0,0.0,0.0,0.0,0.0,0.0,0.0,0.0,0.0,0.0,0.0,0.0,0.0,0.0,0.0,real
Oa2052,51.71999999999999,5.44,0.22228244656490195,14.0,2.0,3.341616375348912,3.1110204081632653,0.07538095238095238,0.060810810810810814,136.0,284.0,1047.0,16.179999999999993,3.080000000000001,0.06432037056038498,13.0,0.0,3.4804597397470354,1.7976931348623157e+308,0.0,0.0,136.0,53.0,93.0,0.14000000000000004,1.1599999999999995,-0.09887076537013768,13.0,0.0,2.4848339984795764,1.7976931348623157e+308,0.0,0.0,136.0,5.0,2.0,0.0,0.43999999999999984,1.0,7.0,0.0,1.5512575543732252,1.7976931348623157e+308,0.0,0.0,136.0,0.0,0.0,0.0,0.28000000000000014,0.0,7.0,0.0,1.3717142559585798,1.7976931348623157e+308,0.0,0.0,136.0,0.0,0.0,0.0,0.28000000000000014,0.0,7.0,0.0,1.3717142559585798,1.7976931348623157e+308,0.0,0.0,136.0,0.0,0.0,0.0,0.28000000000000014,0.0,7.0,0.0,1.3717142559585798,1.7976931348623157e+308,0.0,0.0,136.0,0.0,0.0,0.0,0.0,0.0,0.0,0.0,0.0,0.0,0.0,0.0,0.0,0.0,0.0,0.0,0.0,0.0,0.0,0.0,0.0,0.0,0.0,0.0,0.0,0.0,0.0,0.0,0.0,0.0,0.0,0.0,0.0,0.0,0.0,0.0,0.0,0.0,0.0,real
Oa2053,49.78,5.360000000000002,0.11827001783028863,13.0,2.0,2.889705867385122,3.0318367346938775,0.0,0.0,134.0,296.0,1162.0,10.340000000000002,2.92,-0.07803461651884051,12.0,0.0,2.978858841905739,1.7976931348623157e+308,0.0,0.0,134.0,46.0,82.0,0.21999999999999992,1.2399999999999995,0.10576923076923155,6.0,0.0,1.9448393249829148,1.7976931348623157e+308,0.0,0.0,134.0,4.0,2.0,0.0,0.1600000000000001,0.0,4.0,0.0,0.7838367176906171,1.7976931348623157e+308,0.0,0.0,134.0,0.0,0.0,0.0,0.0,0.0,0.0,0.0,0.0,0.0,0.0,0.0,0.0,0.0,0.0,0.0,0.0,0.0,0.0,0.0,0.0,0.0,0.0,0.0,0.0,0.0,0.0,0.0,0.0,0.0,0.0,0.0,0.0,0.0,0.0,0.0,0.0,0.0,0.0,0.0,0.0,0.0,0.0,0.0,0.0,0.0,0.0,0.0,0.0,0.0,0.0,0.0,0.0,0.0,0.0,0.0,0.0,0.0,0.0,0.0,0.0,0.0,0.0,0.0,0.0,0.0,0.0,0.0,0.0,0.0,0.0,0.0,0.0,0.0,0.0,real
Oa2077,54.40384615384615,5.192307692307693,0.2248036006154407,14.0,0.0,3.198788602066423,1.7976931348623157e+308,0.014285714285714284,0.01098901098901099,134.0,271.0,993.0,24.288461538461526,2.923076923076924,-0.03624915176669272,13.0,0.0,3.309927688300024,1.7976931348623157e+308,0.0,0.0,134.0,45.0,76.0,1.576923076923077,1.307692307692308,-0.3288871655680497,12.0,0.0,2.763348453336316,1.7976931348623157e+308,0.0,0.0,134.0,12.0,16.0,0.0,0.49999999999999983,1.0,5.0,0.0,1.3936669947687261,1.7976931348623157e+308,0.0,0.0,134.0,0.0,0.0,0.0,0.19230769230769235,0.0,5.0,0.0,0.9615384615384615,1.7976931348623157e+308,0.0,0.0,134.0,0.0,0.0,0.0,0.0,0.0,0.0,0.0,0.0,0.0,0.0,0.0,0.0,0.0,0.0,0.0,0.0,0.0,0.0,0.0,0.0,0.0,0.0,0.0,0.0,0.0,0.0,0.0,0.0,0.0,0.0,0.0,0.0,0.0,0.0,0.0,0.0,0.0,0.0,0.0,0.0,0.0,0.0,0.0,0.0,0.0,0.0,0.0,0.0,0.0,0.0,0.0,0.0,0.0,0.0,0.0,0.0,0.0,0.0,0.0,0.0,0.0,0.0,real
